,y,yd,p,i,rnb,rt
1965-1-1,803.5612404752,310.7273648287,2018.7380406099,3.9,245.5563657591,248.089862839
1965-2-1,804.1287378502,310.8167702884,2017.9611775167,3.98,244.0519279083,247.5108807308
1965-3-1,804.845595995,310.9060958861,2015.8072777406,4.04,243.9909283857,247.51929576
1965-4-1,805.008775834,311.0845080655,2016.0402782343,4.09,244.8501967894,248.8483578278
1965-5-1,805.4732244487,311.2626025025,2015.7974875635,4.1,243.5103472694,247.7546295382
1965-6-1,806.0817873429,311.4403803271,2013.9977525266,4.04,243.9473345056,248.5323229673
1965-7-1,806.9135772703,311.5291508612,2012.9060234675,4.09,244.6165821472,249.097155435
1965-8-1,807.544576883,311.617842663,2014.4818972007,4.12,244.5039060789,249.1468407623
1965-9-1,808.1289494168,311.7064558722,2014.8659076266,4.01,244.3824204687,249.0805881719
1965-10-1,809.0913964627,312.0159851929,2013.7868110258,4.08,245.3587966531,249.4691950523
1965-11-1,809.7916136002,312.2805356117,2014.1588293305,4.1,245.5735272488,249.2130494877
1965-12-1,810.865937965,312.5443880076,2016.8012942734,4.32,247.4182686425,251.0899230062
1966-1-1,811.8248777298,312.5882958019,2019.0134138874,4.42,247.4435349921,250.9192675668
1966-2-1,812.3261319122,312.9826008035,2019.5218195246,4.6,246.052857106,250.0862016578
1966-3-1,812.8514401408,313.244609687,2019.4450667258,4.65,245.1349866259,249.8480769815
1966-4-1,812.5198942496,313.5059338775,2020.059930214,4.67,245.2813806241,250.6178785064
1966-5-1,812.704419062,313.8099514841,2020.5798522569,4.9,244.8847599972,250.658659878
1966-6-1,812.8198695012,313.9832617528,2022.4405690479,5.17,244.6598853133,250.6015612998
1966-7-1,813.1195360263,314.3289837912,2024.6305747541,5.3,245.3501978311,251.5355023881
1966-8-1,813.2074680273,314.8453360572,2022.6170585386,5.53,243.6241477807,249.8562976235
1966-9-1,813.6866450194,315.2308580596,2017.104555472,5.4,243.8862711287,250.3810180207
1966-10-1,814.0525430668,315.5296843225,2014.007123835,5.53,243.929891631,250.1353981167
1966-11-1,813.9367569111,315.700042115,2014.1974740091,5.76,245.0832669454,250.1845703845
1966-12-1,814.4281426559,315.8701101832,2016.2978818786,5.4,245.8733775484,250.3319422795
1967-1-1,815.206259903,315.9974716948,2015.5241286755,4.94,247.8553175816,251.2359676569
1967-2-1,815.0026255667,316.2093810769,2015.6390660797,5,247.7882034851,250.7971922719
1967-3-1,814.853241783,316.2940192538,2015.8143043252,4.53,250.4464149004,252.0756302682
1967-4-1,815.2010732408,316.5053018171,2014.3513410939,4.05,251.3008079899,252.4768183213
1967-5-1,814.8416747375,316.5896900077,2014.8737626996,3.94,251.1954210886,251.9147032943
1967-6-1,815.0366896421,317.0525563927,2014.765648865,3.98,251.3737031456,252.2282713904
1967-7-1,815.2679029514,317.3878458937,2012.4760976859,3.79,253.4252215249,254.3332778257
1967-8-1,816.2208247195,317.7220149599,2010.6228038668,3.9,253.35380712,253.9868207862
1967-9-1,815.9606403303,318.0550710547,2012.710434084,3.99,254.615852582,255.3032478836
1967-10-1,815.8982783542,318.3870215669,2013.7988145935,3.88,256.1790527453,257.169577986
1967-11-1,816.4988242149,318.8416617383,2015.7607997525,4.13,256.4872431426,257.4975846877
1967-12-1,817.309313682,319.1710156795,2018.4205677045,4.51,256.1250216375,257.8700529074
1968-1-1,817.927270659,319.5402468683,2018.5500817629,4.6,256.4410750901,258.3167018956
1968-2-1,818.6503404164,319.908119754,2017.6165347422,4.71,255.0616359816,257.9307325209
1968-3-1,819.2487457192,320.2746442938,2017.5101900532,5.05,252.7886314862,257.9155660691
1968-4-1,819.6428542182,320.5993199037,2016.4439562263,5.76,252.0273793625,257.3909098833
1968-5-1,820.4299971958,320.8825489015,2016.4374563987,6.11,251.6808982134,257.4899688315
1968-6-1,820.7998710826,321.2857752543,2014.6754456442,6.07,253.0278279007,258.4073021283
1968-7-1,820.8592509191,321.6071897535,2013.6177965831,6.02,255.9395501779,259.9350784179
1968-8-1,820.9963979029,321.8875824868,2014.189393936,6.03,255.528744655,259.8235335095
1968-9-1,821.0591941312,322.2867846138,2015.5954514194,5.78,255.9627529314,259.7863242067
1968-10-1,820.9049874828,322.8826155721,2016.1373893032,5.91,257.1542956448,260.4835529621
1968-11-1,821.475207141,323.2778730037,2018.6402676168,5.82,257.2917527111,261.3666258874
1968-12-1,821.7945831437,323.7501288991,2019.4021220221,6.02,256.6563438747,262.2274424081
1969-1-1,822.4479816496,324.0245850604,2019.0462036091,6.3,255.6684528429,261.2199875445
1969-2-1,822.9841730973,324.2592351486,2018.7552005213,6.61,255.5598077911,261.8417208862
1969-3-1,823.4347405256,324.843462711,2018.5705333248,6.79,254.5609699901,261.3959277703
1969-4-1,823.2062528017,325.2697373344,2019.6722975305,7.41,252.3165361905,260.0539226716
1969-5-1,823.0137589358,325.5786178888,2020.1393792173,8.67,252.3325759692,262.7851925773
1969-6-1,823.5031851637,326.1168737058,2019.6015259118,8.9,251.8502599217,262.4306207669
1969-7-1,823.8388927677,326.6522478336,2018.3954829619,8.61,250.46275744,260.2022796457
1969-8-1,823.9303021427,327.0329106457,2018.8556538728,9.19,253.0915170996,262.3508499226
1969-9-1,823.807699355,327.5256158304,2019.7519044157,9.15,254.498210123,262.6261525669
1969-10-1,823.6190098176,327.9406324608,2020.9466813673,9,254.5844947893,263.2176568523
1969-11-1,823.1974748402,328.3914221047,2021.193621953,8.85,256.2561894354,265.1268187003
1969-12-1,823.3375642067,328.8401887517,2019.7919749662,8.97,256.871150248,265.0985900481
1970-1-1,822.9764420214,329.3240906824,2020.4579985705,8.98,257.4747353788,264.5252386278
1970-2-1,823.288143307,329.8056622743,2018.842519722,8.98,256.6409828915,264.6103872883
1970-3-1,823.3874917066,330.2849258644,2017.8712542938,7.76,257.8169280248,264.4115941806
1970-4-1,823.2453452719,330.8350831296,2018.3720505634,8.1,259.2564524495,265.3875566656
1970-5-1,823.3750121684,331.1272674134,2017.6173193576,7.94,256.8021556499,263.9557204657
1970-6-1,823.5975513007,331.5276319155,2017.3088335425,7.6,257.9989531035,264.4613295186
1970-7-1,824.2961587809,331.7090872365,2017.5381873744,7.21,254.9367042874,265.0350464303
1970-8-1,824.4693941048,331.8902138935,2021.0420959192,6.61,259.8607289721,265.9000003127
1970-9-1,824.100217648,332.2875414887,2022.1548688122,6.29,262.8068602673,267.0486780547
1970-10-1,822.8040705102,332.6832966373,2020.8020694814,6.2,264.0270878681,267.2768386958
1970-11-1,822.6174893281,333.1847303527,2020.6246773366,5.6,264.2978204359,267.2077540643
1970-12-1,824.2071901009,333.790253129,2020.3308041544,4.9,265.5000980012,267.8140670696
1971-1-1,825.5693353225,334.3215099124,2020.0726626205,4.14,265.6054905984,268.1295463793
1971-2-1,826.0722923177,334.7093122669,2019.490883265,3.72,267.3320720581,269.5910141208
1971-3-1,826.2024774625,335.1656936102,2017.3063129135,3.71,267.2699323799,269.4492036503
1971-4-1,826.2223519436,335.55024224,2017.9496168466,4.15,268.1432403198,269.18530662
1971-5-1,826.4486937853,336.0375387142,2018.6117370403,4.63,268.7711430107,270.6849480526
1971-6-1,826.860874762,336.4879118988,2019.279168901,4.91,267.8552730313,271.1842999341
1971-7-1,827.1709445905,336.7985247456,2017.350350636,5.31,266.0399387626,271.6349003917
1971-8-1,827.0686331096,337.0738174177,2017.3503194449,5.56,266.5838352293,272.0637316608
1971-9-1,827.6610966464,337.279790714,2015.8172569975,5.55,270.3238644105,273.5859901741
1971-10-1,827.585511911,337.4168709274,2015.534053291,5.2,269.8269189247,272.201885033
1971-11-1,827.4433495417,337.7587516023,2015.3555863711,4.91,269.8942182071,272.438276239
1971-12-1,827.7289978287,338.2693910098,2018.4474697983,4.14,271.4959609403,272.3267166907
1972-1-1,828.6743011586,338.9462125444,2021.6610073881,3.5,273.0920015193,273.2352493625
1972-2-1,829.2848919526,339.5179309337,2022.5776307512,3.29,272.9876922328,273.1962021149
1972-3-1,830.0781927315,339.6854632228,2025.0454413533,3.83,273.3197994635,273.9548868162
1972-4-1,831.2245585219,339.7858480397,2027.2756002999,4.17,274.3031169997,275.0534812708
1972-5-1,831.7209371112,339.9529324561,2029.614578897,4.27,274.9064177193,275.6141708569
1972-6-1,832.0966606251,340.2196881995,2027.9490841957,4.46,276.0579398114,276.6884986823
1972-7-1,832.1621031858,340.5189402932,2029.8855266571,4.55,274.707858807,276.2222679991
1972-8-1,832.7170053435,340.8834808791,2033.3310138745,4.8,274.874418743,277.3213527009
1972-9-1,833.0087408441,341.4113606929,2034.508259617,4.87,273.8191358014,277.258872224
1972-10-1,833.524436515,341.8382206416,2036.0739133382,5.04,274.9639900861,278.4579050091
1972-11-1,834.156995073,342.3284978126,2038.8309191237,5.06,276.2096369519,279.9778215029
1972-12-1,835.0715849496,342.6215144637,2045.5791747532,5.33,274.695035006,281.2109871027
1973-1-1,835.8764708154,342.9460846935,2047.9368227369,5.94,274.393201299,281.5887646635
1973-2-1,836.9576783327,343.3987204485,2049.3739056102,6.58,271.6018370751,281.6246691579
1973-3-1,837.440076175,344.009753062,2053.7061275036,7.09,271.4628516462,282.8673643426
1973-4-1,837.7107796736,344.4895236928,2056.8724122342,7.12,270.9382646336,281.7263286076
1973-5-1,838.1226836676,344.9352423549,2065.3371280492,7.84,269.6584722993,281.3730665571
1973-6-1,837.8969665072,345.5685566946,2070.3953060054,8.49,270.1025586165,281.8159423782
1973-7-1,837.4776728918,345.9151774923,2078.043763403,10.4,271.038081644,283.2507212451
1973-8-1,837.1084752569,347.1655845311,2096.6096714792,10.5,268.3142565396,282.1140762822
1973-9-1,837.5417623056,347.6614020947,2100.1993412288,10.78,270.0219621987,281.7502334663
1973-10-1,838.2044491655,348.3391619288,2097.752937898,10.01,273.7479545126,282.8732732858
1973-11-1,838.5082503399,348.8902962081,2093.9117829339,10.03,274.6308913219,283.1918388316
1973-12-1,838.2687610138,349.4384096388,2101.5448392017,9.95,275.5124608488,283.4447875826
1974-1-1,837.6368985038,350.0741011998,2106.349052431,9.65,278.3219514596,284.6187636274
1974-2-1,837.3022544971,350.7657292763,2109.5466293963,8.97,276.8392430108,284.0539384148
1974-3-1,837.431309264,351.5418525752,2106.5399730385,9.35,276.1085310981,284.0889687748
1974-4-1,837.6792545113,352.1938999358,2105.2620230289,10.51,274.4767784037,285.0590887884
1974-5-1,837.9318666747,353.1348066127,2104.3766344715,11.31,269.6854428341,285.7791172441
1974-6-1,837.6230828825,353.97992311,2107.8548472073,11.93,266.4516199078,285.4571853765
1974-7-1,837.0422545357,354.875494602,2112.3698838551,12.92,265.2185068261,286.1400560759
1974-8-1,836.4717774219,355.9909072817,2113.6619217332,12.01,264.2978204359,285.5952831026
1974-9-1,836.8003850435,357.1783682238,2113.2823625269,11.34,264.6316631297,285.560776546
1974-10-1,837.3144976084,358.045870516,2119.9309066036,10.06,274.3159911549,285.3534867844
1974-11-1,836.4293728491,359.0163481175,2129.1459359276,9.45,278.5072968728,285.9511553643
1974-12-1,835.3824489199,359.8133840807,2118.5033077576,8.53,282.2746997737,286.5053949912
1975-1-1,835.4596611845,360.6312730457,2109.8621229755,7.13,282.5773975743,284.9144588711
1975-2-1,835.0080195927,361.2808017163,2104.7876791581,6.24,284.0422589007,284.9028794362
1975-3-1,835.0574103038,361.7920365173,2095.0526102951,5.54,285.2612198959,285.8709077387
1975-4-1,835.5198830191,362.2472521916,2093.6591591025,5.49,285.5722800546,286.2086588684
1975-5-1,835.8070839952,362.6205859586,2084.438507905,5.22,285.0012619205,285.3765402108
1975-6-1,836.3834531192,363.283806323,2081.1543620039,5.55,286.1514931434,287.4411738317
1975-7-1,837.0193217576,364.0214282133,2090.8649949326,6.1,285.2496805467,286.9715432971
1975-8-1,837.5339262362,364.5188765489,2099.2982086144,6.14,285.9282340416,287.1302195176
1975-9-1,838.1943752366,365.1696662986,2097.1720424222,6.24,285.8651733006,288.1106747713
1975-10-1,838.3856065635,365.7646751683,2093.7799146287,5.82,285.6297777562,286.7159992754
1975-11-1,838.7002498151,366.3818023519,2089.2789769024,5.22,287.8580288743,288.1947484247
1975-12-1,839.5682968419,366.8421612212,2090.2860428949,5.2,287.3112560006,288.0433649191
1976-1-1,840.5671512489,367.1478939434,2092.8820079367,4.87,286.4312934687,286.880757998
1976-2-1,841.3269420923,367.4019591207,2095.0320211015,4.77,287.4976072418,287.9535479151
1976-3-1,841.4400487218,367.7059877309,2096.5510671633,4.84,288.0377537191,288.340308858
1976-4-1,841.7454620747,368.0343123092,2099.1214632697,4.82,287.2151211783,287.4637510176
1976-5-1,841.9013498494,368.5122405236,2104.2472302871,5.29,288.0658065709,288.7032856631
1976-6-1,841.9161311143,368.9129422869,2109.6383357764,5.48,288.0321422043,288.7367248876
1976-7-1,842.1525547729,369.3120448371,2110.9984116207,5.31,287.4355287387,288.1779393478
1976-8-1,842.4158620449,369.8086934865,2104.6305038707,5.29,288.7757231889,289.3311875955
1976-9-1,842.427714339,370.4014341698,2105.0281572903,5.25,288.7478688114,289.0871632938
1976-10-1,842.4180570202,371.1130063049,2106.8792033918,5.02,288.9426867183,289.4640411993
1976-11-1,843.064134519,371.6494621147,2109.4722629059,4.95,290.5150895323,290.9084466828
1976-12-1,843.6514448182,372.207242147,2111.4826187084,4.65,290.8811801523,291.1698277944
1977-1-1,843.5184552566,372.6416057643,2116.3644704275,4.61,290.9793048876,291.349131817
1977-2-1,844.2437317112,373.3852819757,2121.1663565213,4.68,290.2904011243,290.6846413546
1977-3-1,844.9734143021,373.8383649017,2129.7672892736,4.69,290.6955703163,291.2622366831
1977-4-1,845.5166712457,374.3841012188,2128.7950584542,4.73,291.2676698417,291.6634952195
1977-5-1,846.1479615648,374.7148362238,2126.7224373061,5.35,291.1208708483,292.2354803749
1977-6-1,846.904442151,375.0679855019,2122.307259538,5.39,290.1861057944,291.6201934597
1977-7-1,847.6748209151,375.396470077,2116.1184259652,5.42,291.3708438075,293.108708006
1977-8-1,848.0010400289,375.9104899003,2110.7853928809,5.9,288.2451587095,294.0166708104
1977-9-1,848.2206223303,376.5145809567,2113.4674513672,6.14,290.4000682954,293.7732329256
1977-10-1,848.0479413274,377.3909703299,2112.8524257029,6.47,287.1188938479,294.2489712158
1977-11-1,847.8886780162,378.16865037,2112.8025162716,6.51,289.8670560711,294.5070358752
1977-12-1,847.9294004662,378.6913194385,2107.694201909,6.56,291.3437030827,294.3912524824
1978-1-1,847.4237672551,379.1210385211,2107.3711418634,6.7,293.4175967855,295.9586826918
1978-2-1,847.9169361712,379.5264444818,2107.8125975121,6.78,295.2563778153,297.3537788044
1978-3-1,849.4779879246,380.0644417445,2110.5840411078,6.79,294.2226006031,295.9379444088
1978-4-1,851.341205191,380.7328934313,2111.2040023377,6.89,293.6565962885,296.5685352202
1978-5-1,852.210908857,381.4189645079,2110.8360060331,7.36,291.4684894701,297.8331758874
1978-6-1,852.8692816543,381.9469023818,2110.8088753423,7.6,293.2472933915,298.9110397245
1978-7-1,852.8706656374,382.428409112,2109.0911106219,7.81,293.3910059911,300.1614936712
1978-8-1,853.1031005709,382.9293357829,2111.6580965414,8.04,293.2366397932,299.1322565065
1978-9-1,853.3957875499,383.6868331827,2116.1455604464,8.45,294.0959247707,299.5432228545
1978-10-1,854.0044109127,384.5669504878,2117.9660026458,8.96,293.5557550518,300.1167476044
1978-11-1,854.4858940827,385.1635855413,2119.9608270953,9.76,295.3294390856,298.9311705751
1978-12-1,854.7988122539,385.6510295498,2117.7741783286,10.03,293.8367956164,298.3305378546
1979-1-1,854.4660487595,386.1571461932,2115.8600378657,10.07,293.4813858585,298.6741981716
1979-2-1,854.6561684288,386.828008248,2116.4777716323,10.06,291.3599884015,296.5066859243
1979-3-1,854.7516749701,387.6188552419,2116.27159888,10.09,291.4467986723,296.6766795261
1979-4-1,854.3172780375,388.4857337355,2116.7141329981,10.01,292.2462411626,297.0619572739
1979-5-1,854.7720456585,389.3247850102,2119.1358892208,10.24,287.8524072648,297.3128727344
1979-6-1,855.068792702,390.0962058069,2125.4032901903,10.29,291.1807038616,298.6085896502
1979-7-1,855.3891495199,390.8014984031,2123.8517531195,10.47,293.5026398437,299.5332193533
1979-8-1,855.3827871358,391.4420130028,2121.1526659724,10.94,294.0378113422,299.6132193575
1979-9-1,855.5399929132,392.0784511097,2123.1992940358,11.43,292.675725905,299.6082212318
1979-10-1,855.7234721453,392.7699484813,2123.4612504945,13.77,290.9793048876,301.4308659127
1979-11-1,855.6911857493,393.4175810069,2123.3472629276,13.18,291.7338206126,301.5436856828
1979-12-1,855.78052439,394.061046228,2125.8094957869,13.78,295.7407159232,303.1099417391
1980-1-1,856.0988042616,394.7776175134,2127.5770975457,13.82,296.7949892542,302.979547883
1980-2-1,856.1238784555,395.4699279709,2132.7659396418,14.13,294.5859023058,302.9263756763
1980-3-1,855.9277109376,396.2716119744,2126.7215318062,17.19,288.362683977,303.0278617307
1980-4-1,854.8742244803,396.897028587,2124.9998155769,17.61,289.9992001273,302.6697852811
1980-5-1,853.7740639304,397.6499024613,2129.3718465074,10.98,296.6354954843,301.7493765336
1980-6-1,853.378085232,398.5087576285,2127.5711236121,9.47,300.5484564997,302.4076746563
1980-7-1,853.4305929693,399.0649325883,2128.4602086895,9.03,301.5583919257,303.4760660521
1980-8-1,853.6993857926,399.9117712279,2132.0274514737,9.61,301.3179187158,304.5046110107
1980-9-1,854.4012321852,400.7878491072,2134.8855222947,10.87,299.17744517,305.550947759
1980-10-1,854.6821894127,401.7283516086,2138.8505294483,12.81,298.7548880746,305.149805146
1980-11-1,855.7088676859,402.695754352,2137.8862852211,15.85,300.0271953596,309.7837496491
1980-12-1,856.6446105643,403.5655565873,2130.3350696721,18.9,301.1851655434,309.1724039208
1981-1-1,857.4635342777,404.4278584549,2129.8154174922,19.08,300.953655453,307.6067246206
1981-2-1,857.7751928709,405.2654135168,2127.1399095097,15.93,302.2179443569,308.3743150877
1981-3-1,857.8237489862,405.9407992341,2125.9660664594,14.7,304.7945145001,309.4309836915
1981-4-1,856.8177137961,406.5258981327,2123.8999178142,15.72,303.7305985464,309.950653177
1981-5-1,856.7808355926,407.0564033557,2119.31295189,18.52,300.6622756385,311.0934203243
1981-6-1,857.1145248161,407.635029885,2116.2825915801,19.1,301.0078867261,310.5751918593
1981-7-1,857.9905045212,408.21032758,2117.1701350087,19.04,302.7715319407,310.5886282046
1981-8-1,858.2604456602,408.7487774759,2113.5122541878,17.82,304.1470165228,310.7094741407
1981-9-1,858.0695550924,409.5344062555,2108.0201686846,15.87,304.5997539702,311.2937364455
1981-10-1,857.6193907175,410.082352832,2109.5989961039,15.08,304.9983688386,310.440729018
1981-11-1,856.8929487664,410.6602459618,2110.4215140166,13.31,307.6159522667,310.6289264119
1981-12-1,856.0411672068,411.1856987307,2110.6534687309,12.37,308.2231019171,311.0978761558
1982-1-1,854.7357635462,411.6758157059,2111.8380564192,13.22,305.1734463669,312.0998352386
1982-2-1,855.4602649853,412.0824195026,2112.9679894659,14.78,303.3124392771,311.5779410863
1982-3-1,855.4024513786,412.2445992333,2109.737408394,14.68,303.9653460612,311.137969708
1982-4-1,855.6658105519,412.5358615751,2111.2937143668,14.94,303.3461490364,310.6244496351
1982-5-1,855.7569006413,413.1479768884,2110.6500400752,14.45,305.800259928,310.915024059
1982-6-1,855.7839810559,413.8999202763,2107.7013139522,14.15,305.2301625042,310.7631366051
1982-7-1,855.5461528126,414.3134726392,2109.9531356288,12.59,306.7587710654,309.9281149183
1982-8-1,855.2324786279,414.6146060785,2109.2263967555,10.12,308.3422586681,310.6736831597
1982-9-1,855.2900045885,414.8674906767,2112.2580670832,10.31,307.970570733,312.1747994137
1982-10-1,855.3515477416,415.4184562578,2110.6551046286,9.71,310.9596529703,313.0656445811
1982-11-1,855.5269018668,415.7006323347,2113.1813987591,9.2,312.3817613317,315.0768275654
1982-12-1,855.4564117845,415.8726821151,2116.8876230659,8.95,313.4014861354,316.1246712032
1983-1-1,856.359192697,416.2937353688,2122.1942560777,8.68,312.2232757163,314.5272340824
1983-2-1,856.4576652357,416.5424143903,2126.1093229538,8.51,314.9268478916,317.3920299066
1983-3-1,857.1931345456,416.6510173022,2119.3981650029,8.77,316.2136146876,319.5156738248
1983-4-1,858.2859201699,416.9452034709,2122.0918800929,8.8,317.3459961338,321.4867803471
1983-5-1,858.9725923531,417.2076910762,2125.0768561577,8.63,317.4171303084,321.3260086083
1983-6-1,859.441530958,417.4694914876,2122.9891975204,8.98,316.2982492828,322.9894891351
1983-7-1,860.1357853689,417.9298268102,2123.4101020667,9.37,317.4003974073,323.3015388422
1983-8-1,860.7518238798,418.2660643271,2125.8181765122,9.56,317.0945291111,323.3803845452
1983-9-1,861.6768806757,418.5098925491,2123.925516581,9.45,317.7803799093,323.6126178275
1983-10-1,862.4207339071,418.7227556369,2120.7371500942,9.48,320.3152864403,323.687290157
1983-11-1,862.8564605374,418.9503215395,2118.1051188616,9.34,319.8305703123,323.4591681308
1983-12-1,863.3677606452,419.2529394131,2120.8737098214,9.47,320.24618496,323.3449116718
1984-1-1,864.3690150324,419.8404232147,2118.9989154347,9.56,320.8259672405,323.6755034955
1984-2-1,864.7349143646,420.2750436066,2120.1160375912,9.59,323.1081037307,325.3238603496
1984-3-1,865.349524222,420.5736850112,2123.4709289817,9.91,321.362204792,325.1188114335
1984-4-1,866.0077211552,420.8714372038,2122.7278968291,10.29,319.9325965623,324.8395791404
1984-5-1,866.5818347903,421.0793374865,2121.7449386403,10.32,313.3143629377,325.5593407803
1984-6-1,866.9833588483,421.301609194,2119.9709869698,11.06,312.8382027649,326.3390194175
1984-7-1,867.2722349277,421.6562194946,2114.7723440361,11.23,300.0670062584,325.8980762365
1984-8-1,867.5290359319,421.8919296804,2114.6302719836,11.64,289.386564715,326.1168737058
1984-9-1,867.677651624,422.0830359495,2111.3300912019,11.3,293.8262046399,326.2892710285
1984-10-1,867.9094330121,422.2737776991,2109.6095970242,9.99,300.8845912699,326.8846244643
1984-11-1,868.3368428467,422.4934131926,2111.1589126665,9.43,308.653229788,327.7823747693
1984-12-1,868.6865077415,422.8000947035,2108.9139789963,8.38,316.5896900077,329.1977576666
1985-1-1,868.852457691,423.207545791,2107.4504722255,8.35,324.5284038145,329.8204431478
1985-2-1,869.3122695835,423.7000862624,2106.542046956,8.5,327.0139118806,331.7960689758
1985-3-1,869.525569129,424.0175010434,2104.6953628261,8.58,325.8980762365,331.8395314901
1985-4-1,869.6503552441,424.0895004705,2106.1272823807,8.27,328.0046180098,332.8590845891
1985-5-1,870.0219499814,424.1758314111,2104.3369696763,7.97,329.0116834065,333.8612506471
1985-6-1,870.5697263681,424.3482700226,2104.9535489473,7.53,332.0059630203,336.2699074178
1985-7-1,871.0202430915,424.4917420701,2103.136622947,7.88,333.4166869203,337.2866491894
1985-8-1,871.7092680484,424.6350085703,2101.7034920897,7.9,335.3546568186,339.0338638327
1985-9-1,872.1639839896,424.7351731347,2099.8048214945,7.92,335.9159370315,340.2995763604
1985-10-1,872.0285860622,424.9780130512,2102.7027807104,7.99,337.8099330416,341.7792255234
1985-11-1,872.276567166,425.2629541188,2106.3590642883,8.05,337.2935071944,343.0885625364
1985-12-1,872.8868027715,425.5470855786,2108.6435573981,8.27,340.8603223923,345.1288286803
1986-1-1,873.4030500115,425.7738109131,2115.4327474193,8.14,342.6800149042,345.1510195536
1986-2-1,873.366976776,425.8021154703,2112.4057508208,7.86,342.7222439486,345.5527726207
1986-3-1,873.2791549214,425.7454983421,2114.5230476071,7.48,344.591577535,346.9852418312
1986-4-1,873.4825584156,425.9011183777,2113.3303740537,6.99,345.549615507,348.3299505743
1986-5-1,873.7811958143,426.3243098684,2112.335022826,6.85,347.9299746549,350.5947711194
1986-6-1,873.9714148959,426.6615783163,2110.8671696834,6.92,350.2188364802,352.6095783693
1986-7-1,874.5480291972,426.7176792995,2110.9612071945,6.56,352.5360024283,354.6941395715
1986-8-1,874.6948437228,426.8157803514,2104.3513521604,6.17,353.7358646473,356.2437160062
1986-9-1,874.8528696862,427.0815705338,2108.5016368271,5.89,354.5932444794,357.4618334225
1986-10-1,874.9570777501,427.2909070138,2108.0843843002,5.85,356.8602686692,359.2038102664
1986-11-1,875.1308334098,427.485893148,2106.3235664146,6.04,359.8325445773,361.867155907
1986-12-1,875.5149687337,427.7637868936,2103.488902017,6.91,363.798081868,365.9476389745
1987-1-1,875.3431431834,428.1377226524,2102.3561522249,6.43,365.5348523405,367.0206188848
1987-2-1,876.0087603981,428.3586561861,2101.7547881587,6.1,365.0788102991,366.5150127415
1987-3-1,876.2168682128,428.5378059618,2101.4911718118,6.13,364.7692809784,366.1354083049
1987-4-1,876.6425453493,428.716635365,2106.4418816066,6.37,365.4158601386,367.9535939111
1987-5-1,876.9549077192,428.8265254859,2113.4163495329,6.85,366.0171289977,368.6476569498
1987-6-1,877.2537488856,429.1007236287,2112.8914261584,6.73,365.7646751683,367.7464551299
1987-7-1,877.4697975403,429.3195420967,2112.7931892564,6.58,365.0502384993,366.7834555518
1987-8-1,877.8652431088,429.6332571464,2113.5225542757,6.73,365.457264792,367.1173626995
1987-9-1,878.2259954688,429.8916727951,2112.8352873595,7.22,364.4509506378,366.8778782407
1987-10-1,879.218812136,430.0952144896,2111.8398481865,7.29,366.2278772317,368.6200869908
1987-11-1,879.6623309956,430.36596056,2112.8975648446,6.69,365.6846844533,367.2851693037
1987-12-1,879.8741490684,430.5955197723,2116.0501216053,6.77,364.1289819021,366.1456868536
1988-1-1,879.75998622,430.9590341409,2116.7746637193,6.83,364.8005374904,367.5794214565
1988-2-1,880.0424373334,431.1872374751,2113.6963960581,6.58,366.5073323482,367.5186126982
1988-3-1,880.4158507059,431.4416735012,2113.9880886121,6.58,362.6684850521,367.2241812961
1988-4-1,881.0743014896,431.8554211718,2113.9247386264,6.87,360.2912985563,368.130080859
1988-5-1,881.3666011774,432.1081649046,2115.9613401623,7.09,362.3086813564,368.9654153957
1988-6-1,881.567721219,432.4927042633,2121.4284287406,7.51,361.7947203246,369.7417897634
1988-7-1,881.6064431007,432.9284923416,2118.7368212999,7.75,361.4667630414,370.3250691413
1988-8-1,881.9304657637,433.2836390483,2115.7667417767,8.01,361.8805641478,370.2141128097
1988-9-1,882.0693493395,433.55899489,2116.6643687803,8.19,362.5966278054,369.8829784967
1988-10-1,882.7113158786,433.7160013334,2117.0658696001,8.3,364.1735434305,370.0264398981
1988-11-1,883.1609692971,433.9771321777,2118.3044304451,8.35,362.9235601186,370.2437132046
1988-12-1,883.6652961762,434.3155860285,2121.1466025039,8.76,365.6149629491,369.9522614212
1989-1-1,884.0345684225,434.8081978621,2122.3143085379,9.12,365.7388787023,369.9052532434
1989-2-1,884.0740835593,435.1438552906,2118.6550003584,9.36,366.0274197104,369.7814418172
1989-3-1,884.4597293649,435.4526960971,2119.9899501355,9.85,363.9584162389,368.6100596664
1989-4-1,884.6731443435,435.7990056846,2119.4419554587,9.84,361.8752010672,367.8323940174
1989-5-1,884.7348374545,436.0930671379,2118.8910040188,9.81,362.7695300789,367.2394317854
1989-6-1,885.1226742574,436.3480717387,2116.0446319897,9.53,362.7934468487,366.676164886
1989-7-1,885.1717818391,436.6659157543,2114.6074079689,9.24,365.7982006286,367.5718223836
1989-8-1,885.7858055251,436.7547313409,2113.6225391404,8.99,365.7414586483,367.4679104713
1989-9-1,885.7018372062,436.9574426735,2113.8564041313,9.02,366.386929111,368.1477124347
1989-10-1,885.5272707101,437.248122183,2114.339582152,8.84,367.9207834417,369.3120448371
1989-11-1,885.6709361995,437.4876130645,2114.4035825577,8.55,368.356535929,369.229860216
1989-12-1,886.2214494693,437.701409285,2112.6355926931,8.45,369.2971072017,369.9572083653
1990-1-1,886.4676016986,438.2901252085,2112.3761082387,8.23,369.5035466925,370.5908631107
1990-2-1,887.0759909823,438.6267628931,2113.8853406307,8.24,367.0817311296,370.7014024309
1990-3-1,887.320331441,439.0986376045,2116.3073883749,8.28,365.1696662986,370.5343180145
1990-4-1,887.2087551055,439.51896212,2117.8156907062,8.26,367.0129772276,371.0273950968
1990-5-1,887.1705999623,439.7776944765,2118.3047398422,8.18,367.4805884383,370.8020097641
1990-6-1,887.2530641308,440.1706705441,2115.491343909,8.29,368.4017654697,370.5908631107
1990-7-1,887.1732656843,440.3665809777,2116.1606570648,8.15,368.492163226,370.3768066608
1990-8-1,887.2391846176,440.7450687014,2116.0398202553,8.13,368.8204226199,371.1130063049
1990-9-1,887.241147494,441.0128064785,2113.9064766722,8.2,370.0980934931,371.630004969
1990-10-1,886.8801722734,441.2313327279,2111.9840945851,8.11,369.8681259086,370.878011582
1990-11-1,886.3682234757,441.3767520458,2109.0379992217,7.81,370.6105234779,371.1741123257
1990-12-1,886.1276391039,441.7755682128,2109.1287957477,7.31,372.2652664221,373.0477147702
1991-1-1,886.0702041474,442.3888088769,2108.5996915426,6.91,373.0716932856,374.3438659603
1991-2-1,885.9175931572,442.6880490308,2108.7318012076,6.25,373.296810729,373.8978285414
1991-3-1,885.8552040504,442.8433007488,2110.5642649859,6.12,372.7547129755,373.3326868849
1991-4-1,886.127213781,443.0102257905,2111.2189079691,5.91,372.9205325586,373.4736750199
1991-5-1,886.6286870049,443.2957363342,2112.9842593611,5.78,374.0760075991,374.7926361405
1991-6-1,887.0261238316,443.5567401602,2114.3249045568,5.9,374.7006842791,375.4994856321
1991-7-1,886.9485344945,443.7579593794,2109.83421131,5.82,374.7360603864,376.1572139507
1991-8-1,886.9474095687,443.994170662,2104.666188015,5.66,375.3472661256,377.1219520836
1991-9-1,887.3320985696,444.1945124885,2104.2005708941,5.45,375.9850367985,377.4758940757
1991-10-1,887.3580093875,444.2533602511,2101.7347364138,5.21,377.8400180052,378.4325988258
1991-11-1,887.5288526122,444.5236148072,2101.1381215508,4.81,379.4657382643,379.7083423323
1991-12-1,887.7450311693,444.7463189958,2100.4932603668,4.43,381.23794501,381.6634822582
1992-1-1,887.9906666671,444.8867191593,2101.0899058205,4.03,383.0617703177,383.5681772171
1992-2-1,888.6501793556,445.0969504911,2105.1148719023,4.06,386.1192761711,386.2832761237
1992-3-1,889.0797422875,445.3416630761,2104.4990213668,3.98,387.5379767729,387.726591547
1992-4-1,889.3287159673,445.4928522658,2103.1608183516,3.73,389.1228286171,389.3064421827
1992-5-1,889.558990032,445.6438132188,2104.077577738,3.82,389.6137496198,389.9261928126
1992-6-1,889.7144916861,445.8292990127,2105.3290475264,3.76,389.3329362981,389.7984931124
1992-7-1,890.2943908335,445.9913173331,2104.4646988078,3.25,390.2275653973,390.7994903508
1992-8-1,890.4437300794,446.1068842014,2103.2818984216,3.3,391.7507935659,392.246826329
1992-9-1,890.7927667884,446.2107803146,2104.562661651,3.22,393.4527860768,394.0124435539
1992-10-1,891.3999587506,446.4297627107,2101.0200755348,3.1,396.2906215743,396.5620642777
1992-11-1,891.7282542668,446.6252886801,2103.6054680116,3.09,398.1194527623,398.3133632886
1992-12-1,891.6903103442,446.8204330915,2107.4673131148,2.92,399.282849903,399.511337196
1993-1-1,891.6269937322,447.1981591744,2108.4320018014,3.02,400.2521628235,400.5531563286
1993-2-1,891.7125689491,447.4377895738,2109.4119555297,3.03,400.0253638823,400.1077294252
1993-3-1,891.8414641264,447.5744638548,2110.5129953096,3.07,400.5130761677,400.6805773448
1993-4-1,892.1584389756,447.7904834942,2108.0181531902,2.96,401.2664403546,401.3983748403
1993-5-1,892.179659503,447.9833694677,2106.7657489194,3,403.5001410639,403.7139088451
1993-6-1,892.3592529662,448.074010761,2106.4328236916,3.04,404.162920455,404.4804116662
1993-7-1,892.5375936734,448.2437420606,2109.2889374828,3.06,405.2063169965,405.6296494585
1993-8-1,892.6170790167,448.4018984424,2109.5216008289,3.03,405.8095429547,406.4160231045
1993-9-1,893.0785186736,448.4921613392,2107.0795499992,3.09,406.8257227459,407.555242421
1993-10-1,893.661248543,448.7062097508,2105.2420580183,2.99,408.222137242,408.7034575923
1993-11-1,894.0857026881,448.9085706967,2107.7534488083,3.02,409.6475623231,409.7954704476
1993-12-1,894.495063538,449.11052297,2110.6304201776,2.96,410.0624800179,410.1981989351
1994-1-1,894.782819657,449.2673154761,2113.6409390198,3.05,410.6569531845,410.7770693661
1994-2-1,894.9640321935,449.5355319981,2115.0091769496,3.25,410.1104992265,410.2279662541
1994-3-1,895.5321662739,449.7362233354,2115.6065009028,3.34,409.8336583492,409.9265766541
1994-4-1,896.0115920883,449.780766766,2115.1854392189,3.56,410.0773849987,410.2825166692
1994-5-1,896.4199395429,449.9031589926,2119.7413368358,4.01,409.0821697548,409.4161212081
1994-6-1,896.7340991951,450.0920164614,2121.2169725693,4.25,409.0052029137,409.5610427343
1994-7-1,896.7124206923,450.3358919841,2126.0003154312,4.26,409.2743280855,410.0359767877
1994-8-1,896.9632212132,450.6123032387,2124.7605355315,4.47,408.6497185277,409.4344562222
1994-9-1,897.1674469899,450.7557357121,2128.7187598002,4.73,408.3249910216,409.1423633794
1994-10-1,897.7457042641,450.8218659912,2125.2683355368,4.76,407.7062754988,408.3485818887
1994-11-1,898.0967458411,451.0309904964,2125.0311442698,5.29,407.9061705358,408.3266762682
1994-12-1,898.4946791243,451.2396785836,2124.7983359904,5.45,408.0245637843,408.3772204617
1995-1-1,898.4674893275,451.5026636135,2126.6629529267,5.53,408.1141112377,408.3435271714
1995-2-1,898.3676882943,451.6994495084,2126.560716251,5.92,407.0239693543,407.1246510976
1995-3-1,898.3358212624,451.7867857585,2129.6565683902,5.98,406.3043075721,406.4228938317
1995-4-1,898.3673119713,451.9285446831,2129.4172669024,6.05,405.8561932082,406.0460251777
1995-5-1,898.539770322,452.0047932571,2128.7176104675,6.01,405.2428219121,405.5014509758
1995-6-1,898.801148873,452.1462436915,2130.2779485738,6,404.5836858157,405.0601639274
1995-7-1,898.8015235669,452.3200623121,2130.6536821494,5.85,405.2028396428,405.8475559141
1995-8-1,899.5126547112,452.5152478002,2129.7528631837,5.74,404.8754272988,405.3661446947
1995-9-1,899.8267810471,452.6451601277,2128.3946429205,5.8,404.4541385128,404.9399496179
1995-10-1,899.8307369291,452.8397127182,2126.0015899659,5.76,403.4152138661,403.8497053476
1995-11-1,900.0953018818,452.9692044812,2125.9296176302,5.8,402.6761410898,403.0410302926
1995-12-1,900.4029355322,453.1092982592,2124.9558172085,5.6,402.8436214411,403.3000931981
1996-1-1,900.2442512253,453.4747721692,2124.3222525366,5.56,402.1881390488,402.2562089126
1996-2-1,900.9981516776,453.6034447153,2126.4677909502,5.22,399.9704158068,400.0326880116
1996-3-1,901.1929676345,453.7640529194,2126.6111677787,5.31,401.2628232602,401.3007962275
1996-4-1,901.9187130411,453.9030383484,2129.4952421657,5.22,400.9512626705,401.1144096296
1996-5-1,902.4572082016,453.956442889,2132.9673276348,5.24,398.8168899607,399.0519903569
1996-6-1,902.9368703673,454.0524992495,2129.1590846415,5.27,398.5459323501,399.2607104984
1996-7-1,902.871537253,454.1697763033,2128.2456620295,5.4,397.16306397,397.8540816478
1996-8-1,903.2603887654,454.244335608,2129.8528289179,5.22,394.9087549565,395.5484712839
1996-9-1,903.6858033929,454.414548415,2126.7468885057,5.3,393.1629535067,393.8820717814
1996-10-1,904.0190044351,454.5844719903,2122.2149518718,5.24,390.7372207213,391.3142378696
1996-11-1,904.5423275055,454.7964712217,2122.1914137151,5.31,390.2921714039,390.7231544692
1996-12-1,904.744137026,455.0397160141,2121.1387403135,5.29,391.1902998228,391.499857403
1997-1-1,904.6881000401,455.2823705616,2121.6411853414,5.25,390.4152111048,390.5058811627
1997-2-1,905.2979879541,455.4823811551,2125.1052466188,5.19,388.4918987736,388.5781694223
1997-3-1,905.6294853286,455.5559685435,2130.2172188323,5.39,386.4952362035,386.8238293057
1997-4-1,906.2497920042,455.5664766084,2130.4550520819,5.51,385.2464065571,385.7989116936
1997-5-1,906.7219143512,455.5664766084,2135.7293175441,5.5,383.7838107239,384.3058704962
1997-6-1,907.1680422184,455.692487336,2133.3820173497,5.56,384.1149795784,384.8998005007
1997-7-1,907.5756997641,455.786891287,2127.5277011538,5.52,383.6652698403,384.5455761156
1997-8-1,908.0068803205,455.9545007962,2127.4150418594,5.54,383.630758818,384.9125803256
1997-9-1,908.2704708194,456.1009290202,2125.6756986003,5.54,382.5331577249,383.4817934519
1997-10-1,908.4059204265,456.1949483534,2119.8691676902,5.5,382.2142060619,382.8032515507
1997-11-1,908.6774020139,456.2784469492,2118.3853525027,5.52,383.3974973732,383.7277907276
1997-12-1,908.9743255506,456.361875883,2116.7851653208,5.5,383.9946813963,384.6908318339
1998-1-1,909.4977779682,456.4972996237,2114.7992576366,5.56,383.8484102093,384.2994419018
1998-2-1,909.8278563841,456.5389315976,2116.1705847524,5.51,382.1551102264,382.2820137967
1998-3-1,910.0333523256,456.5389315976,2113.7160846714,5.49,382.4764325134,382.5658691775
1998-4-1,910.2521280942,456.5805462466,2113.0539042794,5.45,383.0335612668,383.1896960949
1998-5-1,910.5463072884,456.7052863875,2111.633725964,5.49,381.5401966824,381.8766714948
1998-6-1,910.5385329658,456.798739486,2110.0922790867,5.56,381.1163456317,381.6700825552
1998-7-1,910.7100938565,456.9853840861,2109.6064285758,5.54,379.9302135364,380.5061208403
1998-8-1,911.8898102154,457.0682255529,2108.6718380977,5.55,380.3078296439,380.910395142
1998-9-1,912.166761566,457.1199666417,2105.2364455138,5.51,379.8204600228,380.3813992206
1998-10-1,912.9145500817,457.2646994283,2100.8591610505,5.07,380.1314883444,380.5194746495
1998-11-1,913.0795956801,457.3679518897,2101.9152881365,4.83,380.2185817743,380.4036823501
1998-12-1,913.300458063,457.5535380858,2098.9441904177,4.68,380.7195680932,380.9790924445
1999-1-1,913.6731506017,457.7696208987,2100.1523135416,4.63,379.2833981834,379.7464764527
1999-2-1,913.9386650708,457.8107266438,2100.1788313082,4.76,378.7796756785,379.0397597304
1999-3-1,914.2179297307,457.8415448679,2100.981316582,4.81,378.1093938102,378.2574694241
1999-4-1,914.4189885654,458.1799199665,2101.0324139894,4.74,377.2554020137,377.636363598
1999-5-1,914.8470287393,458.1696829802,2106.0806217185,4.74,378.1093938102,378.3985067541
1999-6-1,915.0362103728,458.1287245525,2107.551517231,4.76,376.6071949944,376.9398971173
1999-7-1,915.439204921,458.3537885861,2106.1046288909,4.99,373.7407679218,374.4739803611
1999-8-1,916.0150678923,458.476337621,2105.0572267038,5.07,373.3279041411,374.1471904233
1999-9-1,916.3272873166,458.700621536,2100.4583650396,5.22,373.1076502814,373.9168494407
1999-10-1,917.2858625943,458.7617026741,2099.5823662395,5.2,372.151603939,372.8316490022
1999-11-1,917.7492747483,458.9040804058,2101.9240356821,5.42,372.694565492,373.2609216975
1999-12-1,918.0326426173,459.1375474966,2102.814685594,5.3,372.5404228796,373.3111627359
2000-1-1,917.6673965066,459.4816773909,2103.1892237647,5.45,373.3900619761,374.2775608121
2000-2-1,917.8704183461,459.8044861046,2105.15344442,5.73,371.0004735729,371.2620394496
2000-3-1,918.2894146672,460.2165676968,2106.4947054667,5.85,369.3045762983,369.7492257212
2000-4-1,919.1122893447,460.1061757944,2106.7354282193,6.02,369.4438971319,370.1968418656
2000-5-1,919.6594326504,460.1764392853,2106.3269473685,6.27,369.5557108867,370.450671
2000-6-1,919.7311868407,460.5170185988,2103.247940898,6.53,368.7178007474,369.9126770565
2000-7-1,919.3363069688,460.6868742624,2101.1695055215,6.54,368.2534366554,369.6773216233
2000-8-1,919.2551076567,460.6669062112,2098.4615355965,6.5,366.8242979263,368.2911682334
2000-9-1,919.5679423565,460.9759638322,2100.7392195333,6.52,366.9798566301,368.1905190377
2000-10-1,919.7011941765,461.0456190417,2100.5553309675,6.51,366.3433432782,367.4095711121
2000-11-1,919.9447256842,461.1649152086,2099.068667996,6.51,366.7579205943,367.4780529734
2000-12-1,920.0677839705,461.3336748654,2100.6309794955,6.4,364.6154608654,365.1618818752
2001-1-1,919.8822292848,461.7691466542,2098.2986610469,5.98,363.1329787274,363.3261030351
2001-2-1,919.8383168701,461.9664632139,2097.9300109219,5.49,364.3725172107,364.5058174565
2001-3-1,919.8266778596,462.0945105103,2096.5621252856,5.31,364.2547516029,364.4065125824
2001-4-1,919.8359891764,462.3991940229,2095.5911697975,4.8,364.8474039479,364.980073088
2001-5-1,919.7188260891,462.8105157271,2100.7701194519,4.21,364.6441571416,365.198204001
2001-6-1,919.5089668936,463.0155438682,2097.4471225949,3.97,366.3638566248,366.9518229385
2001-7-1,919.346375972,462.8984364087,2094.1261199046,3.77,367.6503183046,368.3640756066
2001-8-1,919.3860318812,463.0545492319,2094.5054390666,3.65,368.4771026069,368.9354341337
2001-9-1,919.3662058923,463.472898823,2091.6286454127,3.07,400.3708441963,406.3644775972
2001-10-1,919.6470630257,463.5505385784,2084.3181175406,2.49,381.4674750158,381.7470538487
2001-11-1,919.8196938029,463.6668853047,2083.8959224141,2.09,371.0665407436,371.2718043594
2001-12-1,920.1222934171,463.6087288623,2085.1399651319,1.82,371.7879848047,371.9481401411
2002-1-1,920.7523408056,463.6765747578,2087.9157856903,1.73,372.6319737088,372.7523077706
2002-2-1,921.0373371432,463.7346917683,2090.0121231459,1.74,372.0983558014,372.1709598705
2002-3-1,921.2488064034,463.9378357318,2094.0343507951,1.73,370.5957785649,370.789745995
2002-4-1,921.2793360937,464.2369626977,2093.5767766521,1.75,370.2905625847,370.4629764205
2002-5-1,921.3641915877,464.2465970732,2094.5887812264,1.75,367.1071835464,367.3918088974
2002-6-1,921.8077364112,464.2851252956,2094.230618161,1.75,367.1911305884,367.5515553656
2002-7-1,922.0890522901,464.3525139865,2096.2011677061,1.73,367.5971503813,368.0822080486
2002-8-1,922.342242752,464.5159834204,2098.3190743984,1.74,367.9535939111,368.7903978492
2002-9-1,922.4978706848,464.6695932817,2104.0518847488,1.75,366.3048694079,366.8906312281
2002-10-1,922.5451619783,464.8899948849,2104.3403531221,1.75,366.4279337246,366.7936677094
2002-11-1,922.7220104323,464.995232876,2103.6430989974,1.34,367.6022152111,368.2861381788
2002-12-1,922.6204862826,465.0430317393,2108.4802254749,1.24,369.2273687182,369.426492639
2003-1-1,922.8944241834,465.1958347487,2113.6354412444,1.24,370.627723129,370.6940369432
2003-2-1,923.2295582762,465.5387902149,2117.5353364537,1.26,370.8584037388,370.9196654877
2003-3-1,923.2241775692,465.8805735154,2113.641878441,1.25,371.2327389976,371.2864499364
2003-4-1,923.3757048956,465.7572864781,2109.4368597574,1.26,370.8240807593,370.8951652916
2003-5-1,923.8407771367,465.7762636107,2113.073719785,1.26,371.1545624613,371.2888906574
2003-6-1,924.4096179698,465.8710952916,2113.0438952246,1.22,375.2464395739,375.6234318132
2003-7-1,925.3777184877,465.9468959395,2110.7127461189,1.01,377.9542489011,378.2506399893
2003-8-1,925.844458665,466.2022997581,2113.4477733919,1.03,382.809777049,383.5228350449
2003-9-1,926.317662539,466.4664757774,2113.4974877738,1.01,380.2297421149,380.630687099
2003-10-1,926.4652405383,466.5229942416,2118.9232516163,1.01,378.1914320081,378.4348712174
2003-11-1,926.941367347,466.5041583025,2121.1743576597,1,376.9767957847,377.133463405
2003-12-1,927.1776899402,466.6829566375,2126.4140298207,0.98,376.0641820341,376.1711612764
