year;mon;day;rate
1999;1;4;1.1812
1999;1;5;1.176
1999;1;6;1.1636
1999;1;7;1.1672
1999;1;8;1.1554
1999;1;11;1.1534
1999;1;12;1.1548
1999;1;13;1.1698
1999;1;14;1.1689
1999;1;15;1.1591
1999;1;19;1.161
1999;1;20;1.1575
1999;1;21;1.1577
1999;1;22;1.1582
1999;1;25;1.1566
1999;1;26;1.1577
1999;1;27;1.1481
1999;1;28;1.1395
1999;1;29;1.1371
1999;2;1;1.1303
1999;2;2;1.1328
1999;2;3;1.1339
1999;2;4;1.1306
1999;2;5;1.1283
1999;2;8;1.1296
1999;2;9;1.13
1999;2;10;1.1331
1999;2;11;1.1303
1999;2;12;1.1282
1999;2;16;1.1189
1999;2;17;1.123
1999;2;18;1.1223
1999;2;19;1.1075
1999;2;22;1.1037
1999;2;23;1.0993
1999;2;24;1.0972
1999;2;25;1.1068
1999;2;26;1.0995
1999;3;1;1.0891
1999;3;2;1.0931
1999;3;3;1.0888
1999;3;4;1.0824
1999;3;5;1.0843
1999;3;8;1.0899
1999;3;9;1.0873
1999;3;10;1.0961
1999;3;11;1.0932
1999;3;12;1.0936
1999;3;15;1.093
1999;3;16;1.0915
1999;3;17;1.1015
1999;3;18;1.099
1999;3;19;1.0923
1999;3;22;1.0915
1999;3;23;1.0918
1999;3;24;1.0921
1999;3;25;1.0871
1999;3;26;1.0743
1999;3;29;1.0716
1999;3;30;1.0732
1999;3;31;1.0808
1999;4;1;1.0782
1999;4;2;1.0782
1999;4;5;1.0706
1999;4;6;1.0838
1999;4;7;1.0784
1999;4;8;1.0835
1999;4;9;1.0786
1999;4;12;1.0842
1999;4;13;1.078
1999;4;14;1.0779
1999;4;15;1.0717
1999;4;16;1.0688
1999;4;19;1.0608
1999;4;20;1.063
1999;4;21;1.0612
1999;4;22;1.0598
1999;4;23;1.0634
1999;4;26;1.059
1999;4;27;1.0649
1999;4;28;1.0616
1999;4;29;1.0591
1999;4;30;1.0564
1999;5;3;1.0571
1999;5;4;1.0593
1999;5;5;1.0724
1999;5;6;1.0779
1999;5;7;1.0781
1999;5;10;1.0787
1999;5;11;1.072
1999;5;12;1.0666
1999;5;13;1.0626
1999;5;14;1.065
1999;5;17;1.0672
1999;5;18;1.0672
1999;5;19;1.0641
1999;5;20;1.063
1999;5;21;1.0577
1999;5;24;1.0593
1999;5;25;1.0587
1999;5;26;1.0471
1999;5;27;1.0439
1999;5;28;1.0422
1999;6;1;1.0449
1999;6;2;1.0357
1999;6;3;1.0355
1999;6;4;1.0327
1999;6;7;1.0296
1999;6;8;1.0438
1999;6;9;1.045
1999;6;10;1.0477
1999;6;11;1.0516
1999;6;14;1.0416
1999;6;15;1.042
1999;6;16;1.0298
1999;6;17;1.0329
1999;6;18;1.0368
1999;6;21;1.0323
1999;6;22;1.0323
1999;6;23;1.0316
1999;6;24;1.0372
1999;6;25;1.0448
1999;6;28;1.0373
1999;6;29;1.0337
1999;6;30;1.031
1999;7;1;1.0236
1999;7;2;1.0244
1999;7;6;1.0249
1999;7;7;1.0224
1999;7;8;1.0198
1999;7;9;1.0186
1999;7;12;1.0139
1999;7;13;1.0176
1999;7;14;1.0215
1999;7;15;1.022
1999;7;16;1.0203
1999;7;19;1.0203
1999;7;20;1.042
1999;7;21;1.0526
1999;7;22;1.0509
1999;7;23;1.0497
1999;7;26;1.0651
1999;7;27;1.0627
1999;7;28;1.0644
1999;7;29;1.0719
1999;7;30;1.0694
1999;8;2;1.0661
1999;8;3;1.068
1999;8;4;1.0766
1999;8;5;1.0793
1999;8;6;1.077
1999;8;9;1.0694
1999;8;10;1.0752
1999;8;11;1.066
1999;8;12;1.0636
1999;8;13;1.0568
1999;8;16;1.0557
1999;8;17;1.0525
1999;8;18;1.0505
1999;8;19;1.0643
1999;8;20;1.0654
1999;8;23;1.0553
1999;8;24;1.0506
1999;8;25;1.0461
1999;8;26;1.0441
1999;8;27;1.046
1999;8;30;1.0445
1999;8;31;1.0581
1999;9;1;1.0582
1999;9;2;1.0689
1999;9;3;1.0605
1999;9;7;1.0581
1999;9;8;1.059
1999;9;9;1.0543
1999;9;10;1.0402
1999;9;13;1.04
1999;9;14;1.0408
1999;9;15;1.0385
1999;9;16;1.0418
1999;9;17;1.0399
1999;9;20;1.0408
1999;9;21;1.046
1999;9;22;1.05
1999;9;23;1.0415
1999;9;24;1.0466
1999;9;27;1.0431
1999;9;28;1.0509
1999;9;29;1.0613
1999;9;30;1.0643
1999;10;1;1.0718
1999;10;4;1.0703
1999;10;5;1.0693
1999;10;6;1.0704
1999;10;7;1.0721
1999;10;8;1.063
1999;10;12;1.0737
1999;10;13;1.0758
1999;10;14;1.0799
1999;10;15;1.0887
1999;10;18;1.0863
1999;10;19;1.0833
1999;10;20;1.0765
1999;10;21;1.0808
1999;10;22;1.0678
1999;10;25;1.0666
1999;10;26;1.0578
1999;10;27;1.0532
1999;10;28;1.0519
1999;10;29;1.0518
1999;11;1;1.0494
1999;11;2;1.0506
1999;11;3;1.0485
1999;11;4;1.044
1999;11;5;1.04
1999;11;8;1.0363
1999;11;9;1.0401
1999;11;10;1.0436
1999;11;12;1.0315
1999;11;15;1.0315
1999;11;16;1.0312
1999;11;17;1.0403
1999;11;18;1.0297
1999;11;19;1.0313
1999;11;22;1.0327
1999;11;23;1.0261
1999;11;24;1.0176
1999;11;26;1.0137
1999;11;29;1.01
1999;11;30;1.0077
1999;12;1;1.0059
1999;12;2;1.0023
1999;12;3;1.0016
1999;12;6;1.0252
1999;12;7;1.0222
1999;12;8;1.0263
1999;12;9;1.0161
1999;12;10;1.0158
1999;12;13;1.012
1999;12;14;1.0067
1999;12;15;1.0066
1999;12;16;1.0169
1999;12;17;1.0088
1999;12;20;1.0066
1999;12;21;1.0093
1999;12;22;1.008
1999;12;23;1.0162
1999;12;24;1.0128
1999;12;27;1.0136
1999;12;28;1.0068
1999;12;29;1.0045
1999;12;30;1.0024
1999;12;31;1.007
2000;1;3;1.0155
2000;1;4;1.0309
2000;1;5;1.0335
2000;1;6;1.0324
2000;1;7;1.0294
2000;1;10;1.0252
2000;1;11;1.0322
2000;1;12;1.0281
2000;1;13;1.027
2000;1;14;1.0128
2000;1;18;1.0121
2000;1;19;1.0115
2000;1;20;1.0133
2000;1;21;1.01
2000;1;24;1.0019
2000;1;25;1.0041
2000;1;26;1.0011
2000;1;27;0.989
2000;1;28;0.9765
2000;1;31;0.9757
2000;2;1;0.9731
2000;2;2;0.9768
2000;2;3;0.9887
2000;2;4;0.976
2000;2;7;0.9783
2000;2;8;0.9862
2000;2;9;0.9914
2000;2;10;0.9865
2000;2;11;0.9847
2000;2;14;0.9783
2000;2;15;0.9834
2000;2;16;0.9842
2000;2;17;0.9863
2000;2;18;0.985
2000;2;22;1.006
2000;2;23;1.0017
2000;2;24;0.9931
2000;2;25;0.9763
2000;2;28;0.9669
2000;2;29;0.9643
2000;3;1;0.97
2000;3;2;0.9619
2000;3;3;0.9618
2000;3;6;0.9603
2000;3;7;0.956
2000;3;8;0.9576
2000;3;9;0.9684
2000;3;10;0.9659
2000;3;13;0.9648
2000;3;14;0.9644
2000;3;15;0.9696
2000;3;16;0.971
2000;3;17;0.9694
2000;3;20;0.971
2000;3;21;0.9703
2000;3;22;0.9608
2000;3;23;0.9691
2000;3;24;0.9724
2000;3;27;0.9645
2000;3;28;0.9614
2000;3;29;0.9524
2000;3;30;0.9594
2000;3;31;0.9574
2000;4;3;0.956
2000;4;4;0.9588
2000;4;5;0.9647
2000;4;6;0.958
2000;4;7;0.959
2000;4;10;0.9588
2000;4;11;0.9591
2000;4;12;0.9551
2000;4;13;0.9524
2000;4;14;0.9564
2000;4;17;0.955
2000;4;18;0.9477
2000;4;19;0.9369
2000;4;20;0.9376
2000;4;21;0.9379
2000;4;24;0.9396
2000;4;25;0.9265
2000;4;26;0.9217
2000;4;27;0.9083
2000;4;28;0.9089
2000;5;1;0.912
2000;5;2;0.9068
2000;5;3;0.8891
2000;5;4;0.8907
2000;5;5;0.8953
2000;5;8;0.895
2000;5;9;0.9023
2000;5;10;0.9097
2000;5;11;0.9021
2000;5;12;0.908
2000;5;15;0.9138
2000;5;16;0.9053
2000;5;17;0.8921
2000;5;18;0.8952
2000;5;19;0.8946
2000;5;22;0.9036
2000;5;23;0.9032
2000;5;24;0.9096
2000;5;25;0.9072
2000;5;26;0.931
2000;5;30;0.9314
2000;5;31;0.9328
2000;6;1;0.9307
2000;6;2;0.9432
2000;6;5;0.9471
2000;6;6;0.957
2000;6;7;0.96
2000;6;8;0.9548
2000;6;9;0.9526
2000;6;12;0.9544
2000;6;13;0.9619
2000;6;14;0.959
2000;6;15;0.953
2000;6;16;0.9648
2000;6;19;0.9622
2000;6;20;0.9557
2000;6;21;0.9455
2000;6;22;0.9398
2000;6;23;0.9358
2000;6;26;0.9382
2000;6;27;0.9444
2000;6;28;0.9444
2000;6;29;0.9515
2000;6;30;0.9545
2000;7;3;0.9526
2000;7;5;0.9548
2000;7;6;0.9527
2000;7;7;0.9484
2000;7;10;0.9521
2000;7;11;0.9497
2000;7;12;0.9401
2000;7;13;0.9339
2000;7;14;0.9374
2000;7;17;0.9351
2000;7;18;0.9322
2000;7;19;0.9237
2000;7;20;0.9292
2000;7;21;0.9343
2000;7;24;0.9314
2000;7;25;0.9391
2000;7;26;0.9413
2000;7;27;0.9331
2000;7;28;0.9246
2000;7;31;0.9266
2000;8;1;0.9228
2000;8;2;0.9137
2000;8;3;0.9042
2000;8;4;0.9075
2000;8;7;0.9105
2000;8;8;0.9019
2000;8;9;0.8991
2000;8;10;0.9077
2000;8;11;0.9046
2000;8;14;0.9037
2000;8;15;0.9135
2000;8;16;0.9143
2000;8;17;0.9152
2000;8;18;0.9068
2000;8;21;0.9027
2000;8;22;0.8965
2000;8;23;0.8967
2000;8;24;0.9028
2000;8;25;0.9024
2000;8;28;0.9002
2000;8;29;0.8966
2000;8;30;0.8924
2000;8;31;0.8878
2000;9;1;0.8993
2000;9;5;0.8876
2000;9;6;0.8702
2000;9;7;0.874
2000;9;8;0.8664
2000;9;11;0.8624
2000;9;12;0.8596
2000;9;13;0.864
2000;9;14;0.8617
2000;9;15;0.8572
2000;9;18;0.8523
2000;9;19;0.8514
2000;9;20;0.8462
2000;9;21;0.8558
2000;9;22;0.8793
2000;9;25;0.8738
2000;9;26;0.8815
2000;9;27;0.8805
2000;9;28;0.8826
2000;9;29;0.8837
2000;10;2;0.8806
2000;10;3;0.8741
2000;10;4;0.8726
2000;10;5;0.8685
2000;10;6;0.868
2000;10;10;0.8682
2000;10;11;0.8715
2000;10;12;0.8644
2000;10;13;0.8568
2000;10;16;0.8489
2000;10;17;0.8507
2000;10;18;0.8391
2000;10;19;0.8406
2000;10;20;0.84
2000;10;23;0.8364
2000;10;24;0.8364
2000;10;25;0.827
2000;10;26;0.8271
2000;10;27;0.8406
2000;10;30;0.8432
2000;10;31;0.8486
2000;11;1;0.8584
2000;11;2;0.8594
2000;11;3;0.8614
2000;11;6;0.8584
2000;11;7;0.8583
2000;11;8;0.8559
2000;11;9;0.8574
2000;11;10;0.8625
2000;11;13;0.8607
2000;11;14;0.8573
2000;11;15;0.857
2000;11;16;0.8532
2000;11;17;0.8516
2000;11;20;0.8486
2000;11;21;0.8458
2000;11;22;0.8423
2000;11;24;0.8382
2000;11;27;0.85
2000;11;28;0.8547
2000;11;29;0.8577
2000;11;30;0.8694
2000;12;1;0.8765
2000;12;4;0.8875
2000;12;5;0.8804
2000;12;6;0.8877
2000;12;7;0.8891
2000;12;8;0.8838
2000;12;11;0.8771
2000;12;12;0.8775
2000;12;13;0.8755
2000;12;14;0.8858
2000;12;15;0.8981
2000;12;18;0.8929
2000;12;19;0.8902
2000;12;20;0.9058
2000;12;21;0.9112
2000;12;22;0.923
2000;12;26;0.9292
2000;12;27;0.9304
2000;12;28;0.9257
2000;12;29;0.9388
2001;1;2;0.9465
2001;1;3;0.9473
2001;1;4;0.9448
2001;1;5;0.9535
2001;1;8;0.9486
2001;1;9;0.9397
2001;1;10;0.9387
2001;1;11;0.952
2001;1;12;0.9486
2001;1;16;0.9374
2001;1;17;0.9306
2001;1;18;0.9446
2001;1;19;0.9363
2001;1;22;0.9374
2001;1;23;0.9389
2001;1;24;0.9258
2001;1;25;0.9219
2001;1;26;0.9213
2001;1;29;0.9181
2001;1;30;0.9264
2001;1;31;0.9308
2001;2;1;0.9384
2001;2;2;0.9357
2001;2;5;0.9395
2001;2;6;0.9304
2001;2;7;0.9331
2001;2;8;0.9184
2001;2;9;0.9267
2001;2;12;0.9287
2001;2;13;0.9204
2001;2;14;0.9197
2001;2;15;0.9057
2001;2;16;0.9162
2001;2;20;0.9096
2001;2;21;0.9077
2001;2;22;0.9069
2001;2;23;0.9095
2001;2;26;0.9093
2001;2;27;0.9128
2001;2;28;0.9212
2001;3;1;0.9291
2001;3;2;0.934
2001;3;5;0.9289
2001;3;6;0.9313
2001;3;7;0.9274
2001;3;8;0.9281
2001;3;9;0.9315
2001;3;12;0.93
2001;3;13;0.9148
2001;3;14;0.9133
2001;3;15;0.9046
2001;3;16;0.8929
2001;3;19;0.8985
2001;3;20;0.9054
2001;3;21;0.897
2001;3;22;0.8881
2001;3;23;0.8926
2001;3;26;0.8955
2001;3;27;0.891
2001;3;28;0.8882
2001;3;29;0.8807
2001;3;30;0.8794
2001;4;2;0.8824
2001;4;3;0.893
2001;4;4;0.9013
2001;4;5;0.8976
2001;4;6;0.9002
2001;4;9;0.9014
2001;4;10;0.8884
2001;4;11;0.8856
2001;4;12;0.8922
2001;4;13;0.8888
2001;4;16;0.8862
2001;4;17;0.8814
2001;4;18;0.8816
2001;4;19;0.8909
2001;4;20;0.9032
2001;4;23;0.896
2001;4;24;0.8946
2001;4;25;0.8972
2001;4;26;0.9011
2001;4;27;0.8924
2001;4;30;0.8874
2001;5;1;0.8937
2001;5;2;0.8925
2001;5;3;0.8891
2001;5;4;0.8934
2001;5;7;0.8916
2001;5;8;0.8848
2001;5;9;0.8845
2001;5;10;0.8792
2001;5;11;0.8759
2001;5;14;0.8748
2001;5;15;0.8788
2001;5;16;0.8842
2001;5;17;0.8828
2001;5;18;0.8774
2001;5;21;0.8762
2001;5;22;0.8657
2001;5;23;0.8598
2001;5;24;0.857
2001;5;25;0.8577
2001;5;29;0.8547
2001;5;30;0.8576
2001;5;31;0.8455
2001;6;1;0.8452
2001;6;4;0.8449
2001;6;5;0.8504
2001;6;6;0.8452
2001;6;7;0.8506
2001;6;8;0.8505
2001;6;11;0.8425
2001;6;12;0.8479
2001;6;13;0.8536
2001;6;14;0.8598
2001;6;15;0.8628
2001;6;18;0.861
2001;6;19;0.8558
2001;6;20;0.8506
2001;6;21;0.8544
2001;6;22;0.857
2001;6;25;0.8611
2001;6;26;0.8623
2001;6;27;0.8621
2001;6;28;0.847
2001;6;29;0.8474
2001;7;2;0.8455
2001;7;3;0.8477
2001;7;5;0.837
2001;7;6;0.8465
2001;7;9;0.8474
2001;7;10;0.8557
2001;7;11;0.8614
2001;7;12;0.853
2001;7;13;0.8527
2001;7;16;0.8549
2001;7;17;0.8549
2001;7;18;0.8701
2001;7;19;0.869
2001;7;20;0.8713
2001;7;23;0.8676
2001;7;24;0.8752
2001;7;25;0.8797
2001;7;26;0.8765
2001;7;27;0.8749
2001;7;30;0.875
2001;7;31;0.8752
2001;8;1;0.8793
2001;8;2;0.8813
2001;8;3;0.8843
2001;8;6;0.8802
2001;8;7;0.8775
2001;8;8;0.8778
2001;8;9;0.8886
2001;8;10;0.894
2001;8;13;0.8983
2001;8;14;0.9025
2001;8;15;0.9114
2001;8;16;0.9138
2001;8;17;0.9165
2001;8;20;0.9127
2001;8;21;0.9115
2001;8;22;0.9194
2001;8;23;0.9166
2001;8;24;0.9116
2001;8;27;0.9098
2001;8;28;0.9102
2001;8;29;0.9097
2001;8;30;0.9154
2001;8;31;0.909
2001;9;4;0.8868
2001;9;5;0.8897
2001;9;6;0.8943
2001;9;7;0.9044
2001;9;10;0.8988
2001;9;12;0.9069
2001;9;13;0.9089
2001;9;14;0.9199
2001;9;17;0.9198
2001;9;18;0.9233
2001;9;19;0.931
2001;9;20;0.9255
2001;9;21;0.9099
2001;9;24;0.9135
2001;9;25;0.9222
2001;9;26;0.9231
2001;9;27;0.9181
2001;9;28;0.9099
2001;10;1;0.9159
2001;10;2;0.9149
2001;10;3;0.9181
2001;10;4;0.9141
2001;10;5;0.9168
2001;10;9;0.915
2001;10;10;0.9118
2001;10;11;0.9008
2001;10;12;0.9078
2001;10;15;0.9077
2001;10;16;0.9094
2001;10;17;0.9065
2001;10;18;0.9025
2001;10;19;0.8987
2001;10;22;0.8906
2001;10;23;0.8893
2001;10;24;0.8925
2001;10;25;0.8965
2001;10;26;0.8921
2001;10;29;0.9037
2001;10;30;0.906
2001;10;31;0.8993
2001;11;1;0.9044
2001;11;2;0.9037
2001;11;5;0.8963
2001;11;6;0.8975
2001;11;7;0.8999
2001;11;8;0.891
2001;11;9;0.8935
2001;11;13;0.8811
2001;11;14;0.8829
2001;11;15;0.8813
2001;11;16;0.8849
2001;11;19;0.8781
2001;11;20;0.8832
2001;11;21;0.8781
2001;11;23;0.877
2001;11;26;0.8811
2001;11;27;0.8812
2001;11;28;0.8863
2001;11;29;0.8879
2001;11;30;0.8958
2001;12;3;0.8897
2001;12;4;0.8898
2001;12;5;0.8856
2001;12;6;0.8916
2001;12;7;0.8905
2001;12;10;0.8884
2001;12;11;0.8904
2001;12;12;0.8945
2001;12;13;0.8976
2001;12;14;0.9044
2001;12;17;0.904
2001;12;18;0.9019
2001;12;19;0.8997
2001;12;20;0.8972
2001;12;21;0.8864
2001;12;24;0.8773
2001;12;26;0.8778
2001;12;27;0.8843
2001;12;28;0.8822
2001;12;31;0.8901
2002;1;2;0.9031
2002;1;3;0.8992
2002;1;4;0.8946
2002;1;7;0.8931
2002;1;8;0.8925
2002;1;9;0.8882
2002;1;10;0.8925
2002;1;11;0.8905
2002;1;14;0.8935
2002;1;15;0.8913
2002;1;16;0.8834
2002;1;17;0.88
2002;1;18;0.8844
2002;1;22;0.8838
2002;1;23;0.8836
2002;1;24;0.8782
2002;1;25;0.8655
2002;1;28;0.8605
2002;1;29;0.8643
2002;1;30;0.8648
2002;1;31;0.8594
2002;2;1;0.8613
2002;2;4;0.8685
2002;2;5;0.8672
2002;2;6;0.8693
2002;2;7;0.869
2002;2;8;0.8727
2002;2;11;0.8778
2002;2;12;0.8768
2002;2;13;0.873
2002;2;14;0.8713
2002;2;15;0.873
2002;2;19;0.8764
2002;2;20;0.8705
2002;2;21;0.8712
2002;2;22;0.8757
2002;2;25;0.8713
2002;2;26;0.8682
2002;2;27;0.8642
2002;2;28;0.8658
2002;3;1;0.8652
2002;3;4;0.8705
2002;3;5;0.8699
2002;3;6;0.8772
2002;3;7;0.8795
2002;3;8;0.8752
2002;3;11;0.8768
2002;3;12;0.8759
2002;3;13;0.877
2002;3;14;0.8816
2002;3;15;0.8823
2002;3;18;0.8826
2002;3;19;0.8805
2002;3;20;0.8836
2002;3;21;0.8836
2002;3;22;0.8791
2002;3;25;0.8768
2002;3;26;0.8767
2002;3;27;0.8726
2002;3;28;0.8711
2002;3;29;0.8717
2002;4;1;0.8806
2002;4;2;0.8782
2002;4;3;0.8804
2002;4;4;0.8779
2002;4;5;0.8805
2002;4;8;0.875
2002;4;9;0.8793
2002;4;10;0.8794
2002;4;11;0.8829
2002;4;12;0.8792
2002;4;15;0.8802
2002;4;16;0.883
2002;4;17;0.8885
2002;4;18;0.8898
2002;4;19;0.8893
2002;4;22;0.8877
2002;4;23;0.8897
2002;4;24;0.8915
2002;4;25;0.8978
2002;4;26;0.898
2002;4;29;0.9028
2002;4;30;0.9002
2002;5;1;0.9062
2002;5;2;0.9032
2002;5;3;0.9133
2002;5;6;0.9166
2002;5;7;0.9148
2002;5;8;0.904
2002;5;9;0.9088
2002;5;10;0.9116
2002;5;13;0.9107
2002;5;14;0.9022
2002;5;15;0.9074
2002;5;16;0.9105
2002;5;17;0.9206
2002;5;20;0.9213
2002;5;21;0.9191
2002;5;22;0.9265
2002;5;23;0.9233
2002;5;24;0.922
2002;5;28;0.9285
2002;5;29;0.9313
2002;5;30;0.9373
2002;5;31;0.9339
2002;6;3;0.939
2002;6;4;0.9424
2002;6;5;0.9391
2002;6;6;0.9457
2002;6;7;0.9449
2002;6;10;0.9446
2002;6;11;0.9445
2002;6;12;0.9473
2002;6;13;0.944
2002;6;14;0.9448
2002;6;17;0.9442
2002;6;18;0.9483
2002;6;19;0.9544
2002;6;20;0.9646
2002;6;21;0.9705
2002;6;24;0.9786
2002;6;25;0.9692
2002;6;26;0.9825
2002;6;27;0.9885
2002;6;28;0.9856
2002;7;1;0.9893
2002;7;2;0.984
2002;7;3;0.9816
2002;7;5;0.973
2002;7;8;0.9869
2002;7;9;0.9938
2002;7;10;0.989
2002;7;11;0.9927
2002;7;12;0.9904
2002;7;15;1.0072
2002;7;16;1.0087
2002;7;17;1.0078
2002;7;18;1.0067
2002;7;19;1.0156
2002;7;22;1.0098
2002;7;23;0.9933
2002;7;24;0.9945
2002;7;25;0.9997
2002;7;26;0.9882
2002;7;29;0.9779
2002;7;30;0.9879
2002;7;31;0.9796
2002;8;1;0.9843
2002;8;2;0.9882
2002;8;5;0.9846
2002;8;6;0.964
2002;8;7;0.9738
2002;8;8;0.9653
2002;8;9;0.9714
2002;8;12;0.9778
2002;8;13;0.9787
2002;8;14;0.9867
2002;8;15;0.9816
2002;8;16;0.9836
2002;8;19;0.9775
2002;8;20;0.9779
2002;8;21;0.9796
2002;8;22;0.9697
2002;8;23;0.9726
2002;8;26;0.9731
2002;8;27;0.9814
2002;8;28;0.982
2002;8;29;0.9829
2002;8;30;0.9806
2002;9;3;0.9959
2002;9;4;0.9923
2002;9;5;0.9911
2002;9;6;0.9843
2002;9;9;0.9817
2002;9;10;0.9752
2002;9;11;0.9724
2002;9;12;0.9761
2002;9;13;0.9743
2002;9;16;0.9723
2002;9;17;0.9685
2002;9;18;0.9789
2002;9;19;0.9817
2002;9;20;0.9839
2002;9;23;0.9822
2002;9;24;0.9815
2002;9;25;0.9797
2002;9;26;0.9755
2002;9;27;0.9772
2002;9;30;0.9879
2002;10;1;0.9859
2002;10;2;0.9842
2002;10;3;0.9871
2002;10;4;0.9821
2002;10;7;0.9816
2002;10;8;0.9796
2002;10;9;0.9868
2002;10;10;0.9861
2002;10;11;0.9854
2002;10;15;0.981
2002;10;16;0.9824
2002;10;17;0.9718
2002;10;18;0.9708
2002;10;21;0.9732
2002;10;22;0.9782
2002;10;23;0.9772
2002;10;24;0.9742
2002;10;25;0.9767
2002;10;28;0.9843
2002;10;29;0.9851
2002;10;30;0.9835
2002;10;31;0.9881
2002;11;1;0.9971
2002;11;4;0.9953
2002;11;5;0.9994
2002;11;6;0.9974
2002;11;7;1.0092
2002;11;8;1.0139
2002;11;12;1.0105
2002;11;13;1.006
2002;11;14;1.0034
2002;11;15;1.0082
2002;11;18;1.0083
2002;11;19;1.0107
2002;11;20;1.0024
2002;11;21;0.9984
2002;11;22;0.9966
2002;11;25;0.9937
2002;11;26;0.9913
2002;11;27;0.9895
2002;11;29;0.9932
2002;12;2;0.9927
2002;12;3;0.9968
2002;12;4;0.9999
2002;12;5;0.9989
2002;12;6;1.0081
2002;12;9;1.0088
2002;12;10;1.0073
2002;12;11;1.0083
2002;12;12;1.0189
2002;12;13;1.0226
2002;12;16;1.021
2002;12;17;1.0267
2002;12;18;1.0254
2002;12;19;1.0217
2002;12;20;1.0268
2002;12;23;1.0217
2002;12;24;1.0305
2002;12;26;1.0358
2002;12;27;1.0411
2002;12;30;1.046
2002;12;31;1.0485
2003;1;2;1.0361
2003;1;3;1.0418
2003;1;6;1.0469
2003;1;7;1.0419
2003;1;8;1.0447
2003;1;9;1.0467
2003;1;10;1.0535
2003;1;13;1.0535
2003;1;14;1.0571
2003;1;15;1.0576
2003;1;16;1.0569
2003;1;17;1.066
2003;1;21;1.0677
2003;1;22;1.0729
2003;1;23;1.0767
2003;1;24;1.0825
2003;1;27;1.0838
2003;1;28;1.0833
2003;1;29;1.0861
2003;1;30;1.0776
2003;1;31;1.0739
2003;2;3;1.0761
2003;2;4;1.0875
2003;2;5;1.0842
2003;2;6;1.0828
2003;2;7;1.0801
2003;2;10;1.074
2003;2;11;1.0747
2003;2;12;1.0716
2003;2;13;1.0834
2003;2;14;1.0799
2003;2;18;1.0708
2003;2;19;1.0744
2003;2;20;1.0821
2003;2;21;1.0787
2003;2;24;1.0783
2003;2;25;1.0782
2003;2;26;1.0797
2003;2;27;1.0763
2003;2;28;1.0779
2003;3;3;1.0835
2003;3;4;1.0883
2003;3;5;1.0967
2003;3;6;1.0997
2003;3;7;1.1014
2003;3;10;1.1062
2003;3;11;1.1028
2003;3;12;1.1023
2003;3;13;1.087
2003;3;14;1.0725
2003;3;17;1.0606
2003;3;18;1.0624
2003;3;19;1.059
2003;3;20;1.0613
2003;3;21;1.0545
2003;3;24;1.0644
2003;3;25;1.0673
2003;3;26;1.0677
2003;3;27;1.0708
2003;3;28;1.0762
2003;3;31;1.09
2003;4;1;1.0904
2003;4;2;1.0765
2003;4;3;1.0736
2003;4;4;1.0711
2003;4;7;1.0621
2003;4;8;1.0684
2003;4;9;1.0722
2003;4;10;1.0803
2003;4;11;1.0751
2003;4;14;1.0773
2003;4;15;1.0801
2003;4;16;1.0872
2003;4;17;1.0907
2003;4;18;1.0882
2003;4;21;1.0857
2003;4;22;1.0966
2003;4;23;1.0949
2003;4;24;1.1039
2003;4;25;1.104
2003;4;28;1.0999
2003;4;29;1.101
2003;4;30;1.118
2003;5;1;1.1238
2003;5;2;1.12
2003;5;5;1.1271
2003;5;6;1.1354
2003;5;7;1.134
2003;5;8;1.1453
2003;5;9;1.1498
2003;5;12;1.1557
2003;5;13;1.1499
2003;5;14;1.1498
2003;5;15;1.1457
2003;5;16;1.1542
2003;5;19;1.1686
2003;5;20;1.1685
2003;5;21;1.1707
2003;5;22;1.17
2003;5;23;1.1786
2003;5;27;1.1853
2003;5;28;1.1742
2003;5;29;1.1835
2003;5;30;1.1766
2003;6;2;1.1744
2003;6;3;1.1702
2003;6;4;1.1708
2003;6;5;1.187
2003;6;6;1.1695
2003;6;9;1.1743
2003;6;10;1.1686
2003;6;11;1.1764
2003;6;12;1.1767
2003;6;13;1.183
2003;6;16;1.1843
2003;6;17;1.1812
2003;6;18;1.171
2003;6;19;1.1678
2003;6;20;1.1616
2003;6;23;1.1548
2003;6;24;1.1498
2003;6;25;1.1592
2003;6;26;1.1429
2003;6;27;1.1423
2003;6;30;1.1502
2003;7;1;1.158
2003;7;2;1.1524
2003;7;3;1.1503
2003;7;7;1.1341
2003;7;8;1.1265
2003;7;9;1.1311
2003;7;10;1.139
2003;7;11;1.1304
2003;7;14;1.1298
2003;7;15;1.1233
2003;7;16;1.1209
2003;7;17;1.1164
2003;7;18;1.1239
2003;7;21;1.1346
2003;7;22;1.1325
2003;7;23;1.1484
2003;7;24;1.1441
2003;7;25;1.1513
2003;7;28;1.1497
2003;7;29;1.1466
2003;7;30;1.1367
2003;7;31;1.1231
2003;8;1;1.1252
2003;8;4;1.1337
2003;8;5;1.1349
2003;8;6;1.1357
2003;8;7;1.139
2003;8;8;1.1321
2003;8;11;1.1349
2003;8;12;1.1304
2003;8;13;1.1317
2003;8;14;1.1249
2003;8;15;1.1255
2003;8;18;1.1138
2003;8;19;1.1117
2003;8;20;1.1104
2003;8;21;1.0976
2003;8;22;1.0871
2003;8;25;1.0892
2003;8;26;1.0893
2003;8;27;1.0906
2003;8;28;1.0896
2003;8;29;1.0986
2003;9;2;1.0872
2003;9;3;1.0845
2003;9;4;1.0899
2003;9;5;1.1073
2003;9;8;1.1124
2003;9;9;1.119
2003;9;10;1.1195
2003;9;11;1.1186
2003;9;12;1.1307
2003;9;15;1.1304
2003;9;16;1.1166
2003;9;17;1.1239
2003;9;18;1.124
2003;9;19;1.1346
2003;9;22;1.1468
2003;9;23;1.1487
2003;9;24;1.1472
2003;9;25;1.1484
2003;9;26;1.1482
2003;9;29;1.1578
2003;9;30;1.165
2003;10;1;1.1708
2003;10;2;1.1717
2003;10;3;1.1596
2003;10;6;1.1706
2003;10;7;1.1784
2003;10;8;1.1805
2003;10;9;1.1695
2003;10;10;1.1812
2003;10;14;1.1724
2003;10;15;1.1652
2003;10;16;1.1665
2003;10;17;1.163
2003;10;20;1.1671
2003;10;21;1.1676
2003;10;22;1.1805
2003;10;23;1.1795
2003;10;24;1.1833
2003;10;27;1.1762
2003;10;28;1.1689
2003;10;29;1.1673
2003;10;30;1.1694
2003;10;31;1.1609
2003;11;3;1.1454
2003;11;4;1.1497
2003;11;5;1.1473
2003;11;6;1.1417
2003;11;7;1.1505
2003;11;10;1.1515
2003;11;12;1.1647
2003;11;13;1.1711
2003;11;14;1.1743
2003;11;17;1.1744
2003;11;18;1.1893
2003;11;19;1.1909
2003;11;20;1.1895
2003;11;21;1.1913
2003;11;24;1.1768
2003;11;25;1.1785
2003;11;26;1.1918
2003;11;28;1.1995
2003;12;1;1.1956
2003;12;2;1.2084
2003;12;3;1.2093
2003;12;4;1.2077
2003;12;5;1.2157
2003;12;8;1.2217
2003;12;9;1.2229
2003;12;10;1.2215
2003;12;11;1.2164
2003;12;12;1.2284
2003;12;15;1.229
2003;12;16;1.2328
2003;12;17;1.2381
2003;12;18;1.2376
2003;12;19;1.238
2003;12;22;1.2415
2003;12;23;1.2406
2003;12;24;1.2464
2003;12;26;1.2441
2003;12;29;1.2485
2003;12;30;1.2521
2003;12;31;1.2597
2004;1;2;1.2592
2004;1;5;1.2679
2004;1;6;1.2773
2004;1;7;1.2665
2004;1;8;1.2772
2004;1;9;1.2853
2004;1;12;1.2802
2004;1;13;1.2735
2004;1;14;1.2726
2004;1;15;1.2588
2004;1;16;1.2395
2004;1;20;1.2584
2004;1;21;1.2617
2004;1;22;1.2717
2004;1;23;1.261
2004;1;26;1.2552
2004;1;27;1.2643
2004;1;28;1.262
2004;1;29;1.2389
2004;1;30;1.2452
2004;2;2;1.2426
2004;2;3;1.2561
2004;2;4;1.2552
2004;2;5;1.2606
2004;2;6;1.2694
2004;2;9;1.2672
2004;2;10;1.2727
2004;2;11;1.2815
2004;2;12;1.2807
2004;2;13;1.2751
2004;2;17;1.2848
2004;2;18;1.2812
2004;2;19;1.2685
2004;2;20;1.2563
2004;2;23;1.2569
2004;2;24;1.2692
2004;2;25;1.2503
2004;2;26;1.2444
2004;2;27;1.2441
2004;3;1;1.2431
2004;3;2;1.2212
2004;3;3;1.2088
2004;3;4;1.2225
2004;3;5;1.2401
2004;3;8;1.2371
2004;3;9;1.2428
2004;3;10;1.2226
2004;3;11;1.2268
2004;3;12;1.2191
2004;3;15;1.2243
2004;3;16;1.227
2004;3;17;1.2197
2004;3;18;1.2392
2004;3;19;1.2269
2004;3;22;1.2368
2004;3;23;1.2311
2004;3;24;1.2213
2004;3;25;1.217
2004;3;26;1.2092
2004;3;29;1.2141
2004;3;30;1.2202
2004;3;31;1.2292
2004;4;1;1.2358
2004;4;2;1.2109
2004;4;5;1.2008
2004;4;6;1.2089
2004;4;7;1.2171
2004;4;8;1.2088
2004;4;9;1.2102
2004;4;12;1.2068
2004;4;13;1.1923
2004;4;14;1.194
2004;4;15;1.1914
2004;4;16;1.2025
2004;4;19;1.2019
2004;4;20;1.191
2004;4;21;1.1853
2004;4;22;1.1861
2004;4;23;1.1802
2004;4;26;1.1851
2004;4;27;1.1927
2004;4;28;1.183
2004;4;29;1.1945
2004;4;30;1.1975
2004;5;3;1.1937
2004;5;4;1.2076
2004;5;5;1.2165
2004;5;6;1.209
2004;5;7;1.1885
2004;5;10;1.1834
2004;5;11;1.1818
2004;5;12;1.1911
2004;5;13;1.1801
2004;5;14;1.1874
2004;5;17;1.2009
2004;5;18;1.1971
2004;5;19;1.2015
2004;5;20;1.1926
2004;5;21;1.2009
2004;5;24;1.1978
2004;5;25;1.2107
2004;5;26;1.2102
2004;5;27;1.2274
2004;5;28;1.2217
2004;6;1;1.221
2004;6;2;1.225
2004;6;3;1.2205
2004;6;4;1.2258
2004;6;7;1.232
2004;6;8;1.2273
2004;6;9;1.2097
2004;6;10;1.211
2004;6;11;1.2011
2004;6;14;1.2073
2004;6;15;1.2139
2004;6;16;1.2006
2004;6;17;1.204
2004;6;18;1.2118
2004;6;21;1.211
2004;6;22;1.2092
2004;6;23;1.209
2004;6;24;1.217
2004;6;25;1.2145
2004;6;28;1.2193
2004;6;29;1.2124
2004;6;30;1.2179
2004;7;1;1.2158
2004;7;2;1.2307
2004;7;6;1.229
2004;7;7;1.2384
2004;7;8;1.239
2004;7;9;1.2388
2004;7;12;1.2409
2004;7;13;1.2302
2004;7;14;1.2385
2004;7;15;1.2373
2004;7;16;1.2437
2004;7;19;1.2431
2004;7;20;1.2377
2004;7;21;1.2224
2004;7;22;1.2273
2004;7;23;1.2122
2004;7;26;1.2135
2004;7;27;1.2056
2004;7;28;1.2046
2004;7;29;1.207
2004;7;30;1.2032
2004;8;2;1.2034
2004;8;3;1.2051
2004;8;4;1.2057
2004;8;5;1.205
2004;8;6;1.2272
2004;8;9;1.2261
2004;8;10;1.2306
2004;8;11;1.2222
2004;8;12;1.2224
2004;8;13;1.2354
2004;8;16;1.2333
2004;8;17;1.2329
2004;8;18;1.2299
2004;8;19;1.2368
2004;8;20;1.2324
2004;8;23;1.2196
2004;8;24;1.2099
2004;8;25;1.209
2004;8;26;1.2084
2004;8;27;1.2025
2004;8;30;1.2049
2004;8;31;1.2183
2004;9;1;1.2179
2004;9;2;1.2164
2004;9;3;1.2052
2004;9;7;1.2093
2004;9;8;1.2164
2004;9;9;1.2189
2004;9;10;1.2282
2004;9;13;1.2251
2004;9;14;1.2268
2004;9;15;1.2144
2004;9;16;1.2154
2004;9;17;1.2174
2004;9;20;1.2172
2004;9;21;1.2264
2004;9;22;1.2261
2004;9;23;1.2298
2004;9;24;1.2256
2004;9;27;1.2307
2004;9;28;1.2306
2004;9;29;1.2308
2004;9;30;1.2417
2004;10;1;1.24
2004;10;4;1.2274
2004;10;5;1.2316
2004;10;6;1.2298
2004;10;7;1.2286
2004;10;8;1.2418
2004;10;12;1.232
2004;10;13;1.2271
2004;10;14;1.2393
2004;10;15;1.2478
2004;10;18;1.252
2004;10;19;1.2515
2004;10;20;1.2627
2004;10;21;1.2622
2004;10;22;1.2639
2004;10;25;1.2783
2004;10;26;1.2758
2004;10;27;1.2725
2004;10;28;1.2759
2004;10;29;1.2746
2004;11;1;1.2741
2004;11;2;1.2703
2004;11;3;1.2787
2004;11;4;1.2883
2004;11;5;1.2938
2004;11;8;1.2936
2004;11;9;1.293
2004;11;10;1.2925
2004;11;12;1.2973
2004;11;15;1.2944
2004;11;16;1.2979
2004;11;17;1.3031
2004;11;18;1.2982
2004;11;19;1.3059
2004;11;22;1.3048
2004;11;23;1.309
2004;11;24;1.3162
2004;11;26;1.3288
2004;11;29;1.3286
2004;11;30;1.3259
2004;12;1;1.3308
2004;12;2;1.3268
2004;12;3;1.339
2004;12;6;1.3431
2004;12;7;1.3437
2004;12;8;1.3252
2004;12;9;1.3274
2004;12;10;1.3224
2004;12;13;1.3309
2004;12;14;1.328
2004;12;15;1.3429
2004;12;16;1.3287
2004;12;17;1.3295
2004;12;20;1.3396
2004;12;21;1.3377
2004;12;22;1.339
2004;12;23;1.3491
2004;12;24;1.3536
2004;12;27;1.3625
2004;12;28;1.3621
2004;12;29;1.3568
2004;12;30;1.3623
2004;12;31;1.3538
2005;1;3;1.3476
2005;1;4;1.3295
2005;1;5;1.3292
2005;1;6;1.3187
2005;1;7;1.3062
2005;1;10;1.3109
2005;1;11;1.3161
2005;1;12;1.3281
2005;1;13;1.3207
2005;1;14;1.3106
2005;1;18;1.3043
2005;1;19;1.3036
2005;1;20;1.2959
2005;1;21;1.3049
2005;1;24;1.3041
2005;1;25;1.2954
2005;1;26;1.3081
2005;1;27;1.3032
2005;1;28;1.3033
2005;1;31;1.3049
2005;2;1;1.3017
2005;2;2;1.3015
2005;2;3;1.2959
2005;2;4;1.2927
2005;2;7;1.2773
2005;2;8;1.2783
2005;2;9;1.2797
2005;2;10;1.2882
2005;2;11;1.2864
2005;2;14;1.2981
2005;2;15;1.2986
2005;2;16;1.2994
2005;2;17;1.3083
2005;2;18;1.3075
2005;2;22;1.323
2005;2;23;1.3208
2005;2;24;1.3205
2005;2;25;1.3195
2005;2;28;1.3274
2005;3;1;1.3189
2005;3;2;1.3127
2005;3;3;1.313
2005;3;4;1.3244
2005;3;7;1.3203
2005;3;8;1.3342
2005;3;9;1.3384
2005;3;10;1.3409
2005;3;11;1.3465
2005;3;14;1.3346
2005;3;15;1.3315
2005;3;16;1.3423
2005;3;17;1.3373
2005;3;18;1.3311
2005;3;21;1.3165
2005;3;22;1.321
2005;3;23;1.3005
2005;3;24;1.2957
2005;3;25;1.2954
2005;3;28;1.2877
2005;3;29;1.2913
2005;3;30;1.2944
2005;3;31;1.2969
2005;4;1;1.2896
2005;4;4;1.2838
2005;4;5;1.2842
2005;4;6;1.2868
2005;4;7;1.2906
2005;4;8;1.2912
2005;4;11;1.2972
2005;4;12;1.2873
2005;4;13;1.2918
2005;4;14;1.2819
2005;4;15;1.2928
2005;4;18;1.3037
2005;4;19;1.3034
2005;4;20;1.308
2005;4;21;1.3093
2005;4;22;1.3068
2005;4;25;1.2984
2005;4;26;1.2964
2005;4;27;1.2938
2005;4;28;1.2916
2005;4;29;1.2919
2005;5;2;1.2857
2005;5;3;1.2889
2005;5;4;1.2936
2005;5;5;1.2936
2005;5;6;1.2832
2005;5;9;1.2839
2005;5;10;1.2877
2005;5;11;1.2803
2005;5;12;1.2706
2005;5;13;1.2645
2005;5;16;1.263
2005;5;17;1.2644
2005;5;18;1.266
2005;5;19;1.2628
2005;5;20;1.2553
2005;5;23;1.2575
2005;5;24;1.2588
2005;5;25;1.2602
2005;5;26;1.2517
2005;5;27;1.2568
2005;5;31;1.2349
2005;6;1;1.2232
2005;6;2;1.2266
2005;6;3;1.2227
2005;6;6;1.2268
2005;6;7;1.2277
2005;6;8;1.232
2005;6;9;1.2216
2005;6;10;1.2127
2005;6;13;1.2035
2005;6;14;1.2038
2005;6;15;1.2106
2005;6;16;1.2089
2005;6;17;1.224
2005;6;20;1.214
2005;6;21;1.2134
2005;6;22;1.213
2005;6;23;1.2054
2005;6;24;1.2088
2005;6;27;1.2152
2005;6;28;1.2078
2005;6;29;1.2101
2005;6;30;1.2098
2005;7;1;1.1957
2005;7;5;1.1917
2005;7;6;1.1918
2005;7;7;1.1928
2005;7;8;1.1934
2005;7;11;1.2066
2005;7;12;1.22
2005;7;13;1.209
2005;7;14;1.2089
2005;7;15;1.2037
2005;7;18;1.2077
2005;7;19;1.2001
2005;7;20;1.2046
2005;7;21;1.2113
2005;7;22;1.2079
2005;7;25;1.2054
2005;7;26;1.2007
2005;7;27;1.2048
2005;7;28;1.2121
2005;7;29;1.2129
2005;8;1;1.2195
2005;8;2;1.2209
2005;8;3;1.2337
2005;8;4;1.2383
2005;8;5;1.2327
2005;8;8;1.2361
2005;8;9;1.2347
2005;8;10;1.2345
2005;8;11;1.2434
2005;8;12;1.2428
2005;8;15;1.2362
2005;8;16;1.2342
2005;8;17;1.229
2005;8;18;1.2178
2005;8;19;1.2147
2005;8;22;1.2235
2005;8;23;1.2213
2005;8;24;1.2239
2005;8;25;1.2311
2005;8;26;1.2324
2005;8;29;1.2248
2005;8;30;1.2204
2005;8;31;1.233
2005;9;1;1.2447
2005;9;2;1.2538
2005;9;6;1.2483
2005;9;7;1.2439
2005;9;8;1.24
2005;9;9;1.2433
2005;9;12;1.2288
2005;9;13;1.2263
2005;9;14;1.2282
2005;9;15;1.2216
2005;9;16;1.2214
2005;9;19;1.2153
2005;9;20;1.2177
2005;9;21;1.2208
2005;9;22;1.2153
2005;9;23;1.2077
2005;9;26;1.2036
2005;9;27;1.2011
2005;9;28;1.2016
2005;9;29;1.202
2005;9;30;1.2058
2005;10;3;1.1914
2005;10;4;1.1918
2005;10;5;1.1984
2005;10;6;1.2133
2005;10;7;1.2115
2005;10;11;1.2015
2005;10;12;1.204
2005;10;13;1.1938
2005;10;14;1.2073
2005;10;17;1.204
2005;10;18;1.1939
2005;10;19;1.1988
2005;10;20;1.1982
2005;10;21;1.1958
2005;10;24;1.1998
2005;10;25;1.2099
2005;10;26;1.2082
2005;10;27;1.2148
2005;10;28;1.2089
2005;10;31;1.1995
2005;11;1;1.1998
2005;11;2;1.2067
2005;11;3;1.1971
2005;11;4;1.1828
2005;11;7;1.1795
2005;11;8;1.1773
2005;11;9;1.1748
2005;11;10;1.174
2005;11;14;1.1667
2005;11;15;1.1695
2005;11;16;1.1672
2005;11;17;1.1706
2005;11;18;1.1741
2005;11;21;1.1734
2005;11;22;1.1737
2005;11;23;1.1799
2005;11;25;1.1724
2005;11;28;1.1804
2005;11;29;1.1786
2005;11;30;1.179
2005;12;1;1.1702
2005;12;2;1.1699
2005;12;5;1.1787
2005;12;6;1.1784
2005;12;7;1.1722
2005;12;8;1.183
2005;12;9;1.1824
2005;12;12;1.1969
2005;12;13;1.1926
2005;12;14;1.2041
2005;12;15;1.1965
2005;12;16;1.2012
2005;12;19;1.1996
2005;12;20;1.1848
2005;12;21;1.1816
2005;12;22;1.1883
2005;12;23;1.1857
2005;12;27;1.1856
2005;12;28;1.1875
2005;12;29;1.1846
2005;12;30;1.1842
2006;1;3;1.198
2006;1;4;1.2091
2006;1;5;1.2101
2006;1;6;1.2148
2006;1;9;1.2064
2006;1;10;1.2063
2006;1;11;1.2135
2006;1;12;1.2035
2006;1;13;1.2103
2006;1;17;1.2073
2006;1;18;1.2083
2006;1;19;1.211
2006;1;20;1.2101
2006;1;23;1.2276
2006;1;24;1.2287
2006;1;25;1.2252
2006;1;26;1.2229
2006;1;27;1.213
2006;1;30;1.2091
2006;1;31;1.2158
2006;2;1;1.2092
2006;2;2;1.21
2006;2;3;1.2021
2006;2;6;1.1971
2006;2;7;1.1974
2006;2;8;1.1935
2006;2;9;1.1963
2006;2;10;1.192
2006;2;13;1.1905
2006;2;14;1.1895
2006;2;15;1.1884
2006;2;16;1.1882
2006;2;17;1.1906
2006;2;21;1.1912
2006;2;22;1.1905
2006;2;23;1.1923
2006;2;24;1.1882
2006;2;27;1.186
2006;2;28;1.1925
2006;3;1;1.1899
2006;3;2;1.2003
2006;3;3;1.2028
2006;3;6;1.2002
2006;3;7;1.1888
2006;3;8;1.1914
2006;3;9;1.192
2006;3;10;1.1886
2006;3;13;1.1942
2006;3;14;1.2025
2006;3;15;1.2045
2006;3;16;1.2151
2006;3;17;1.2197
2006;3;20;1.2168
2006;3;21;1.2079
2006;3;22;1.2095
2006;3;23;1.1984
2006;3;24;1.2034
2006;3;27;1.2015
2006;3;28;1.2078
2006;3;29;1.203
2006;3;30;1.2132
2006;3;31;1.2139
2006;4;3;1.2124
2006;4;4;1.2258
2006;4;5;1.2272
2006;4;6;1.2216
2006;4;7;1.2109
2006;4;10;1.2091
2006;4;11;1.2125
2006;4;12;1.2107
2006;4;13;1.2107
2006;4;14;1.2106
2006;4;17;1.2267
2006;4;18;1.2274
2006;4;19;1.2345
2006;4;20;1.2326
2006;4;21;1.234
2006;4;24;1.2373
2006;4;25;1.2412
2006;4;26;1.2464
2006;4;27;1.2525
2006;4;28;1.2624
2006;5;1;1.2607
2006;5;2;1.2644
2006;5;3;1.2639
2006;5;4;1.2684
2006;5;5;1.2733
2006;5;8;1.272
2006;5;9;1.2747
2006;5;10;1.2799
2006;5;11;1.2855
2006;5;12;1.2888
2006;5;15;1.2826
2006;5;16;1.2817
2006;5;17;1.2722
2006;5;18;1.2795
2006;5;19;1.275
2006;5;22;1.285
2006;5;23;1.2844
2006;5;24;1.2747
2006;5;25;1.2777
2006;5;26;1.2739
2006;5;30;1.2868
2006;5;31;1.2833
2006;6;1;1.2824
2006;6;2;1.2912
2006;6;5;1.2953
2006;6;6;1.2828
2006;6;7;1.2799
2006;6;8;1.2648
2006;6;9;1.2636
2006;6;12;1.2587
2006;6;13;1.2574
2006;6;14;1.2631
2006;6;15;1.2616
2006;6;16;1.2623
2006;6;19;1.2577
2006;6;20;1.2568
2006;6;21;1.2665
2006;6;22;1.2582
2006;6;23;1.2522
2006;6;26;1.2554
2006;6;27;1.2589
2006;6;28;1.2532
2006;6;29;1.2534
2006;6;30;1.2779
2006;7;3;1.2793
2006;7;5;1.2726
2006;7;6;1.2757
2006;7;7;1.2822
2006;7;10;1.2751
2006;7;11;1.2754
2006;7;12;1.2706
2006;7;13;1.2673
2006;7;14;1.2641
2006;7;17;1.2529
2006;7;18;1.25
2006;7;19;1.256
2006;7;20;1.2639
2006;7;21;1.2684
2006;7;24;1.263
2006;7;25;1.2576
2006;7;26;1.2628
2006;7;27;1.2732
2006;7;28;1.2748
2006;7;31;1.2764
2006;8;1;1.2778
2006;8;2;1.2798
2006;8;3;1.2779
2006;8;4;1.2894
2006;8;7;1.2867
2006;8;8;1.2839
2006;8;9;1.2888
2006;8;10;1.2765
2006;8;11;1.2757
2006;8;14;1.2735
2006;8;15;1.2788
2006;8;16;1.2864
2006;8;17;1.287
2006;8;18;1.281
2006;8;21;1.2914
2006;8;22;1.2804
2006;8;23;1.2794
2006;8;24;1.276
2006;8;25;1.2767
2006;8;28;1.2784
2006;8;29;1.2768
2006;8;30;1.2825
2006;8;31;1.2793
2006;9;1;1.2833
2006;9;5;1.281
2006;9;6;1.2787
2006;9;7;1.2757
2006;9;8;1.2673
2006;9;11;1.2699
2006;9;12;1.2693
2006;9;13;1.2708
2006;9;14;1.2736
2006;9;15;1.2648
2006;9;18;1.2671
2006;9;19;1.2683
2006;9;20;1.2701
2006;9;21;1.273
2006;9;22;1.2796
2006;9;25;1.2747
2006;9;26;1.2687
2006;9;27;1.2699
2006;9;28;1.2697
2006;9;29;1.2687
2006;10;2;1.2744
2006;10;3;1.2727
2006;10;4;1.2687
2006;10;5;1.2687
2006;10;6;1.26
2006;10;10;1.2541
2006;10;11;1.2547
2006;10;12;1.2537
2006;10;13;1.2502
2006;10;16;1.2518
2006;10;17;1.2564
2006;10;18;1.2516
2006;10;19;1.2594
2006;10;20;1.2613
2006;10;23;1.2544
2006;10;24;1.2565
2006;10;25;1.2591
2006;10;26;1.2669
2006;10;27;1.2725
2006;10;30;1.2717
2006;10;31;1.2773
2006;11;1;1.2771
2006;11;2;1.278
2006;11;3;1.2705
2006;11;6;1.2715
2006;11;7;1.2806
2006;11;8;1.2775
2006;11;9;1.2835
2006;11;10;1.2861
2006;11;13;1.281
2006;11;14;1.2812
2006;11;15;1.2808
2006;11;16;1.2808
2006;11;17;1.2823
2006;11;20;1.281
2006;11;21;1.2824
2006;11;22;1.2928
2006;11;24;1.3081
2006;11;27;1.312
2006;11;28;1.3162
2006;11;29;1.3146
2006;11;30;1.3261
2006;12;1;1.3316
2006;12;4;1.3327
2006;12;5;1.3327
2006;12;6;1.3307
2006;12;7;1.3296
2006;12;8;1.3215
2006;12;11;1.3223
2006;12;12;1.3233
2006;12;13;1.3215
2006;12;14;1.3174
2006;12;15;1.3095
2006;12;18;1.3073
2006;12;19;1.3194
2006;12;20;1.3183
2006;12;21;1.3175
2006;12;22;1.3131
2006;12;26;1.3132
2006;12;27;1.3125
2006;12;28;1.3158
2006;12;29;1.3197
2007;1;2;1.3286
2007;1;3;1.3169
2007;1;4;1.3094
2007;1;5;1.3005
2007;1;8;1.3023
2007;1;9;1.2995
2007;1;10;1.294
2007;1;11;1.2904
2007;1;12;1.2926
2007;1;16;1.2918
2007;1;17;1.2948
2007;1;18;1.2942
2007;1;19;1.2968
2007;1;22;1.2957
2007;1;23;1.3025
2007;1;24;1.2964
2007;1;25;1.298
2007;1;26;1.2909
2007;1;29;1.2948
2007;1;30;1.2954
2007;1;31;1.2998
2007;2;1;1.3021
2007;2;2;1.296
2007;2;5;1.2933
2007;2;6;1.2969
2007;2;7;1.302
2007;2;8;1.3034
2007;2;9;1.3005
2007;2;12;1.2962
2007;2;13;1.3024
2007;2;14;1.3126
2007;2;15;1.314
2007;2;16;1.3137
2007;2;20;1.3134
2007;2;21;1.3126
2007;2;22;1.3134
2007;2;23;1.3164
2007;2;26;1.3159
2007;2;27;1.3246
2007;2;28;1.323
2007;3;1;1.3173
2007;3;2;1.3182
2007;3;5;1.3094
2007;3;6;1.3108
2007;3;7;1.3148
2007;3;8;1.3129
2007;3;9;1.3118
2007;3;12;1.3186
2007;3;13;1.3199
2007;3;14;1.3227
2007;3;15;1.3249
2007;3;16;1.3307
2007;3;19;1.3299
2007;3;20;1.3291
2007;3;21;1.3305
2007;3;22;1.3359
2007;3;23;1.3302
2007;3;26;1.3336
2007;3;27;1.3357
2007;3;28;1.3331
2007;3;29;1.3336
2007;3;30;1.3374
2007;4;2;1.3374
2007;4;3;1.3363
2007;4;4;1.3364
2007;4;5;1.3426
2007;4;6;1.338
2007;4;9;1.3367
2007;4;10;1.3436
2007;4;11;1.3436
2007;4;12;1.3484
2007;4;13;1.3518
2007;4;16;1.355
2007;4;17;1.3569
2007;4;18;1.3574
2007;4;19;1.3605
2007;4;20;1.3601
2007;4;23;1.358
2007;4;24;1.3622
2007;4;25;1.3647
2007;4;26;1.359
2007;4;27;1.3625
2007;4;30;1.366
2007;5;1;1.36
2007;5;2;1.3598
2007;5;3;1.3566
2007;5;4;1.3587
2007;5;7;1.3616
2007;5;8;1.3532
2007;5;9;1.3549
2007;5;10;1.3512
2007;5;11;1.3519
2007;5;14;1.3544
2007;5;15;1.3603
2007;5;16;1.3522
2007;5;17;1.3494
2007;5;18;1.3511
2007;5;21;1.3457
2007;5;22;1.3464
2007;5;23;1.3482
2007;5;24;1.3429
2007;5;25;1.3452
2007;5;29;1.3483
2007;5;30;1.3419
2007;5;31;1.3453
2007;6;1;1.344
2007;6;4;1.3488
2007;6;5;1.3526
2007;6;6;1.3492
2007;6;7;1.3456
2007;6;8;1.3359
2007;6;11;1.3359
2007;6;12;1.3325
2007;6;13;1.3295
2007;6;14;1.3311
2007;6;15;1.3365
2007;6;18;1.3401
2007;6;19;1.3416
2007;6;20;1.3426
2007;6;21;1.3399
2007;6;22;1.3438
2007;6;25;1.345
2007;6;26;1.3468
2007;6;27;1.3433
2007;6;28;1.3466
2007;6;29;1.352
2007;7;2;1.3627
2007;7;3;1.3615
2007;7;5;1.3592
2007;7;6;1.3626
2007;7;9;1.3623
2007;7;10;1.3714
2007;7;11;1.3757
2007;7;12;1.3776
2007;7;13;1.3788
2007;7;16;1.3785
2007;7;17;1.3782
2007;7;18;1.3808
2007;7;19;1.3811
2007;7;20;1.3831
2007;7;23;1.3817
2007;7;24;1.3824
2007;7;25;1.3711
2007;7;26;1.373
2007;7;27;1.3647
2007;7;30;1.3681
2007;7;31;1.3711
2007;8;1;1.3682
2007;8;2;1.3693
2007;8;3;1.3785
2007;8;6;1.3789
2007;8;7;1.3747
2007;8;8;1.3808
2007;8;9;1.3701
2007;8;10;1.3686
2007;8;13;1.3624
2007;8;14;1.3581
2007;8;15;1.3479
2007;8;16;1.3402
2007;8;17;1.3492
2007;8;20;1.3468
2007;8;21;1.3483
2007;8;22;1.3535
2007;8;23;1.356
2007;8;24;1.3645
2007;8;27;1.3645
2007;8;28;1.3626
2007;8;29;1.3675
2007;8;30;1.3648
2007;8;31;1.3641
2007;9;3;1.3641
2007;9;4;1.3606
2007;9;5;1.3669
2007;9;6;1.3697
2007;9;7;1.3772
2007;9;10;1.3794
2007;9;11;1.3837
2007;9;12;1.3904
2007;9;13;1.3885
2007;9;14;1.3848
2007;9;17;1.386
2007;9;18;1.3869
2007;9;19;1.395
2007;9;20;1.4092
2007;9;21;1.4076
2007;9;24;1.4086
2007;9;25;1.4128
2007;9;26;1.4126
2007;9;27;1.4138
2007;9;28;1.4219
2007;10;1;1.4229
2007;10;2;1.4163
2007;10;3;1.4135
2007;10;4;1.4128
2007;10;5;1.4154
2007;10;8;1.4154
2007;10;9;1.4092
2007;10;10;1.4157
2007;10;11;1.4228
2007;10;12;1.4168
2007;10;15;1.4216
2007;10;16;1.4165
2007;10;17;1.4208
2007;10;18;1.4291
2007;10;19;1.4263
2007;10;22;1.4138
2007;10;23;1.4248
2007;10;24;1.4237
2007;10;25;1.4299
2007;10;26;1.439
2007;10;29;1.4405
2007;10;30;1.4424
2007;10;31;1.4468
2007;11;1;1.4435
2007;11;2;1.4481
2007;11;5;1.4469
2007;11;6;1.4555
2007;11;7;1.4667
2007;11;8;1.4691
2007;11;9;1.4665
2007;11;13;1.4598
2007;11;14;1.467
2007;11;15;1.4639
2007;11;16;1.4652
2007;11;19;1.4658
2007;11;20;1.4787
2007;11;21;1.4829
2007;11;22;1.4829
2007;11;23;1.4825
2007;11;26;1.4862
2007;11;27;1.4817
2007;11;28;1.475
2007;11;29;1.4766
2007;11;30;1.4688
2007;12;3;1.4657
2007;12;4;1.4759
2007;12;5;1.4666
2007;12;6;1.4638
2007;12;7;1.4664
2007;12;10;1.4714
2007;12;11;1.4702
2007;12;12;1.4702
2007;12;13;1.4591
2007;12;14;1.4433
2007;12;17;1.4369
2007;12;18;1.4392
2007;12;19;1.4344
2007;12;20;1.4353
2007;12;21;1.4361
2007;12;24;1.4409
2007;12;26;1.45
2007;12;27;1.4601
2007;12;28;1.4718
2007;12;31;1.4603
2008;1;2;1.4738
2008;1;3;1.4736
2008;1;4;1.4786
2008;1;7;1.4684
2008;1;8;1.4717
2008;1;9;1.4663
2008;1;10;1.474
2008;1;11;1.4787
2008;1;14;1.4877
2008;1;15;1.4842
2008;1;16;1.4643
2008;1;17;1.469
2008;1;18;1.4616
2008;1;22;1.4609
2008;1;23;1.4574
2008;1;24;1.4737
2008;1;25;1.4673
2008;1;28;1.4789
2008;1;29;1.4767
2008;1;30;1.4782
2008;1;31;1.4841
2008;2;1;1.4851
2008;2;4;1.4832
2008;2;5;1.4638
2008;2;6;1.4647
2008;2;7;1.4495
2008;2;8;1.4505
2008;2;11;1.4506
2008;2;12;1.4592
2008;2;13;1.4569
2008;2;14;1.4635
2008;2;15;1.4674
2008;2;19;1.4742
2008;2;20;1.4663
2008;2;21;1.4813
2008;2;22;1.4825
2008;2;25;1.4822
2008;2;26;1.4889
2008;2;27;1.5132
2008;2;28;1.5172
2008;2;29;1.5187
2008;3;3;1.5195
2008;3;4;1.521
2008;3;5;1.5282
2008;3;6;1.5356
2008;3;7;1.5333
2008;3;10;1.5369
2008;3;11;1.5329
2008;3;12;1.5495
2008;3;13;1.5584
2008;3;14;1.5604
2008;3;17;1.5765
2008;3;18;1.5784
2008;3;19;1.5642
2008;3;20;1.5417
2008;3;21;1.5447
2008;3;24;1.5394
2008;3;25;1.5595
2008;3;26;1.5761
2008;3;27;1.5798
2008;3;28;1.5759
2008;3;31;1.5805
2008;4;1;1.5615
2008;4;2;1.5618
2008;4;3;1.5667
2008;4;4;1.5735
2008;4;7;1.5713
2008;4;8;1.5705
2008;4;9;1.5804
2008;4;10;1.5744
2008;4;11;1.5796
2008;4;14;1.5827
2008;4;15;1.5801
2008;4;16;1.5978
2008;4;17;1.5924
2008;4;18;1.5742
2008;4;21;1.5881
2008;4;22;1.601
2008;4;23;1.5898
2008;4;24;1.5668
2008;4;25;1.5634
2008;4;28;1.5648
2008;4;29;1.5604
2008;4;30;1.5568
2008;5;1;1.5458
2008;5;2;1.5431
2008;5;5;1.5491
2008;5;6;1.5548
2008;5;7;1.537
2008;5;8;1.5409
2008;5;9;1.5447
2008;5;12;1.5536
2008;5;13;1.5509
2008;5;14;1.5467
2008;5;15;1.5492
2008;5;16;1.5591
2008;5;19;1.5516
2008;5;20;1.5667
2008;5;21;1.5772
2008;5;22;1.5703
2008;5;23;1.5784
2008;5;27;1.5731
2008;5;28;1.5628
2008;5;29;1.5527
2008;5;30;1.556
2008;6;2;1.555
2008;6;3;1.5454
2008;6;4;1.5453
2008;6;5;1.556
2008;6;6;1.5731
2008;6;9;1.5718
2008;6;10;1.5473
2008;6;11;1.5562
2008;6;12;1.5418
2008;6;13;1.5368
2008;6;16;1.5472
2008;6;17;1.5519
2008;6;18;1.5502
2008;6;19;1.5502
2008;6;20;1.5626
2008;6;23;1.5492
2008;6;24;1.5591
2008;6;25;1.557
2008;6;26;1.5738
2008;6;27;1.5749
2008;6;30;1.5748
2008;7;1;1.5778
2008;7;2;1.5869
2008;7;3;1.5708
2008;7;7;1.5646
2008;7;8;1.5653
2008;7;9;1.5744
2008;7;10;1.5771
2008;7;11;1.5898
2008;7;14;1.5914
2008;7;15;1.5923
2008;7;16;1.5847
2008;7;17;1.5861
2008;7;18;1.5855
2008;7;21;1.5877
2008;7;22;1.5811
2008;7;23;1.5708
2008;7;24;1.5657
2008;7;25;1.5687
2008;7;28;1.5747
2008;7;29;1.5588
2008;7;30;1.5559
2008;7;31;1.5589
2008;8;1;1.5567
2008;8;4;1.5569
2008;8;5;1.5468
2008;8;6;1.5409
2008;8;7;1.5341
2008;8;8;1.5047
2008;8;11;1.4958
2008;8;12;1.4905
2008;8;13;1.4895
2008;8;14;1.4856
2008;8;15;1.4695
2008;8;18;1.473
2008;8;19;1.4746
2008;8;20;1.4701
2008;8;21;1.4875
2008;8;22;1.48
2008;8;25;1.4803
2008;8;26;1.466
2008;8;27;1.4684
2008;8;28;1.4685
2008;8;29;1.4669
2008;9;2;1.4522
2008;9;3;1.4489
2008;9;4;1.436
2008;9;5;1.4273
2008;9;8;1.4126
2008;9;9;1.4173
2008;9;10;1.402
2008;9;11;1.3939
2008;9;12;1.4172
2008;9;15;1.4175
2008;9;16;1.4155
2008;9;17;1.4215
2008;9;18;1.4382
2008;9;19;1.4384
2008;9;22;1.4697
2008;9;23;1.4737
2008;9;24;1.4655
2008;9;25;1.4643
2008;9;26;1.4596
2008;9;29;1.4381
2008;9;30;1.4081
2008;10;1;1.4058
2008;10;2;1.3854
2008;10;3;1.3816
2008;10;6;1.3508
2008;10;7;1.3649
2008;10;8;1.368
2008;10;9;1.3646
2008;10;10;1.3471
2008;10;14;1.3658
2008;10;15;1.3567
2008;10;16;1.3416
2008;10;17;1.3462
2008;10;20;1.3314
2008;10;21;1.3102
2008;10;22;1.2835
2008;10;23;1.2878
2008;10;24;1.2639
2008;10;27;1.2446
2008;10;28;1.2476
2008;10;29;1.2851
2008;10;30;1.285
2008;10;31;1.2682
2008;11;3;1.2719
2008;11;4;1.3021
2008;11;5;1.3039
2008;11;6;1.2756
2008;11;7;1.2777
2008;11;10;1.276
2008;11;12;1.2558
2008;11;13;1.2526
2008;11;14;1.2731
2008;11;17;1.2726
2008;11;18;1.269
2008;11;19;1.2595
2008;11;20;1.2525
2008;11;21;1.2531
2008;11;24;1.289
2008;11;25;1.303
2008;11;26;1.2828
2008;11;28;1.2694
2008;12;1;1.2634
2008;12;2;1.2724
2008;12;3;1.2669
2008;12;4;1.284
2008;12;5;1.2654
2008;12;8;1.2942
2008;12;9;1.2937
2008;12;10;1.3024
2008;12;11;1.3294
2008;12;12;1.3349
2008;12;15;1.3664
2008;12;16;1.381
2008;12;17;1.4358
2008;12;18;1.4298
2008;12;19;1.3875
2008;12;22;1.3952
2008;12;23;1.3966
2008;12;24;1.3964
2008;12;26;1.4062
2008;12;29;1.4232
2008;12;30;1.4085
2008;12;31;1.3919
2009;1;2;1.3946
2009;1;5;1.3576
2009;1;6;1.3445
2009;1;7;1.3718
2009;1;8;1.3714
2009;1;9;1.3495
2009;1;12;1.3347
2009;1;13;1.3198
2009;1;14;1.3174
2009;1;15;1.3094
2009;1;16;1.3244
2009;1;20;1.2946
2009;1;21;1.287
2009;1;22;1.2955
2009;1;23;1.2849
2009;1;26;1.3123
2009;1;27;1.3159
2009;1;28;1.3244
2009;1;29;1.2988
2009;1;30;1.2804
2009;2;2;1.2808
2009;2;3;1.301
2009;2;4;1.2857
2009;2;5;1.2838
2009;2;6;1.2874
2009;2;9;1.3064
2009;2;10;1.2966
2009;2;11;1.2893
2009;2;12;1.2822
2009;2;13;1.2879
2009;2;17;1.2571
2009;2;18;1.2547
2009;2;19;1.2675
2009;2;20;1.269
2009;2;23;1.2747
2009;2;24;1.2742
2009;2;25;1.2731
2009;2;26;1.2764
2009;2;27;1.2662
2009;3;2;1.258
2009;3;3;1.2549
2009;3;4;1.2607
2009;3;5;1.2565
2009;3;6;1.2674
2009;3;9;1.2636
2009;3;10;1.2752
2009;3;11;1.2774
2009;3;12;1.2799
2009;3;13;1.2891
2009;3;16;1.2997
2009;3;17;1.2972
2009;3;18;1.311
2009;3;19;1.373
2009;3;20;1.3566
2009;3;23;1.3569
2009;3;24;1.3524
2009;3;25;1.3539
2009;3;26;1.356
2009;3;27;1.3306
2009;3;30;1.3146
2009;3;31;1.3261
2009;4;1;1.3223
2009;4;2;1.3458
2009;4;3;1.3447
2009;4;6;1.3363
2009;4;7;1.3282
2009;4;8;1.3288
2009;4;9;1.3149
2009;4;10;1.3143
2009;4;13;1.3354
2009;4;14;1.3277
2009;4;15;1.3182
2009;4;16;1.3197
2009;4;17;1.303
2009;4;20;1.2903
2009;4;21;1.2978
2009;4;22;1.3012
2009;4;23;1.3048
2009;4;24;1.3277
2009;4;27;1.3136
2009;4;28;1.3061
2009;4;29;1.3324
2009;4;30;1.3244
2009;5;1;1.3267
2009;5;4;1.3365
2009;5;5;1.3375
2009;5;6;1.3313
2009;5;7;1.3411
2009;5;8;1.3494
2009;5;11;1.362
2009;5;12;1.3638
2009;5;13;1.3612
2009;5;14;1.3608
2009;5;15;1.3539
2009;5;18;1.3503
2009;5;19;1.3608
2009;5;20;1.3765
2009;5;21;1.3804
2009;5;22;1.4005
2009;5;26;1.3992
2009;5;27;1.3924
2009;5;28;1.3948
2009;5;29;1.4126
2009;6;1;1.4192
2009;6;2;1.427
2009;6;3;1.4194
2009;6;4;1.4187
2009;6;5;1.399
2009;6;8;1.3884
2009;6;9;1.4014
2009;6;10;1.3983
2009;6;11;1.4093
2009;6;12;1.404
2009;6;15;1.3784
2009;6;16;1.3878
2009;6;17;1.385
2009;6;18;1.3978
2009;6;19;1.3998
2009;6;22;1.3846
2009;6;23;1.4035
2009;6;24;1.4015
2009;6;25;1.3953
2009;6;26;1.4056
2009;6;29;1.4058
2009;6;30;1.402
2009;7;1;1.4186
2009;7;2;1.4018
2009;7;3;1.3991
2009;7;6;1.3938
2009;7;7;1.3965
2009;7;8;1.3852
2009;7;9;1.4026
2009;7;10;1.3926
2009;7;13;1.3973
2009;7;14;1.3971
2009;7;15;1.4116
2009;7;16;1.4115
2009;7;17;1.412
2009;7;20;1.4211
2009;7;21;1.4196
2009;7;22;1.422
2009;7;23;1.4266
2009;7;24;1.4213
2009;7;27;1.4212
2009;7;28;1.4215
2009;7;29;1.4033
2009;7;30;1.4066
2009;7;31;1.4279
2009;8;3;1.4416
2009;8;4;1.44
2009;8;5;1.4391
2009;8;6;1.4357
2009;8;7;1.418
2009;8;10;1.4143
2009;8;11;1.4141
2009;8;12;1.4215
2009;8;13;1.4283
2009;8;14;1.4216
2009;8;17;1.4088
2009;8;18;1.4075
2009;8;19;1.4262
2009;8;20;1.4235
2009;8;21;1.4305
2009;8;24;1.432
2009;8;25;1.435
2009;8;26;1.423
2009;8;27;1.4272
2009;8;28;1.4358
2009;8;31;1.4354
2009;9;1;1.4235
2009;9;2;1.4246
2009;9;3;1.4278
2009;9;4;1.4278
2009;9;8;1.4497
2009;9;9;1.4573
2009;9;10;1.4568
2009;9;11;1.4586
2009;9;14;1.4613
2009;9;15;1.4617
2009;9;16;1.4698
2009;9;17;1.4735
2009;9;18;1.4704
2009;9;21;1.4692
2009;9;22;1.4795
2009;9;23;1.4752
2009;9;24;1.4696
2009;9;25;1.4682
2009;9;28;1.465
2009;9;29;1.4553
2009;9;30;1.463
2009;10;1;1.4532
2009;10;2;1.459
2009;10;5;1.4647
2009;10;6;1.4744
2009;10;7;1.4675
2009;10;8;1.4777
2009;10;9;1.4715
2009;10;13;1.4839
2009;10;14;1.4899
2009;10;15;1.4945
2009;10;16;1.4889
2009;10;19;1.4947
2009;10;20;1.4905
2009;10;21;1.5009
2009;10;22;1.5003
2009;10;23;1.5029
2009;10;26;1.4941
2009;10;27;1.4821
2009;10;28;1.4763
2009;10;29;1.4819
2009;10;30;1.4755
2009;11;2;1.4828
2009;11;3;1.4658
2009;11;4;1.4836
2009;11;5;1.4857
2009;11;6;1.4835
2009;11;9;1.4999
2009;11;10;1.496
2009;11;12;1.4865
2009;11;13;1.4886
2009;11;16;1.4977
2009;11;17;1.483
2009;11;18;1.499
2009;11;19;1.4905
2009;11;20;1.487
2009;11;23;1.4968
2009;11;24;1.4937
2009;11;25;1.5085
2009;11;27;1.4963
2009;11;30;1.4994
2009;12;1;1.51
2009;12;2;1.5059
2009;12;3;1.5081
2009;12;4;1.4885
2009;12;7;1.482
2009;12;8;1.4741
2009;12;9;1.4725
2009;12;10;1.4716
2009;12;11;1.4601
2009;12;14;1.4645
2009;12;15;1.4514
2009;12;16;1.4577
2009;12;17;1.4317
2009;12;18;1.4281
2009;12;21;1.4319
2009;12;22;1.4243
2009;12;23;1.4341
2009;12;24;1.4367
2009;12;28;1.4392
2009;12;29;1.4356
2009;12;30;1.4316
2009;12;31;1.4332
2010;1;4;1.4419
2010;1;5;1.4402
2010;1;6;1.4404
2010;1;7;1.4314
2010;1;8;1.4357
2010;1;11;1.4536
2010;1;12;1.4523
2010;1;13;1.4492
2010;1;14;1.4478
2010;1;15;1.4376
2010;1;19;1.4269
2010;1;20;1.4094
2010;1;21;1.4106
2010;1;22;1.4154
2010;1;25;1.4146
2010;1;26;1.4063
2010;1;27;1.4053
2010;1;28;1.3993
2010;1;29;1.387
2010;2;1;1.3904
2010;2;2;1.3955
2010;2;3;1.3907
2010;2;4;1.3759
2010;2;5;1.3608
2010;2;8;1.3699
2010;2;9;1.3795
2010;2;10;1.3722
2010;2;11;1.364
2010;2;12;1.3625
2010;2;16;1.3742
2010;2;17;1.3623
2010;2;18;1.3563
2010;2;19;1.3538
2010;2;22;1.359
2010;2;23;1.3537
2010;2;24;1.3576
2010;2;25;1.3476
2010;2;26;1.366
2010;3;1;1.3516
2010;3;2;1.3564
2010;3;3;1.3731
2010;3;4;1.3571
2010;3;5;1.3608
2010;3;8;1.3613
2010;3;9;1.3586
2010;3;10;1.3658
2010;3;11;1.3674
2010;3;12;1.3753
2010;3;15;1.3652
2010;3;16;1.3758
2010;3;17;1.3739
2010;3;18;1.3603
2010;3;19;1.353
2010;3;22;1.3531
2010;3;23;1.3535
2010;3;24;1.3347
2010;3;25;1.3344
2010;3;26;1.3398
2010;3;29;1.3465
2010;3;30;1.3409
2010;3;31;1.3526
2010;4;1;1.3569
2010;4;2;1.3487
2010;4;5;1.3486
2010;4;6;1.3378
2010;4;7;1.3364
2010;4;8;1.336
2010;4;9;1.3468
2010;4;12;1.3587
2010;4;13;1.3592
2010;4;14;1.3666
2010;4;15;1.354
2010;4;16;1.3487
2010;4;19;1.3458
2010;4;20;1.3446
2010;4;21;1.3383
2010;4;22;1.3298
2010;4;23;1.336
2010;4;26;1.3336
2010;4;27;1.323
2010;4;28;1.313
2010;4;29;1.3243
2010;4;30;1.3302
2010;5;3;1.3183
2010;5;4;1.3037
2010;5;5;1.289
2010;5;6;1.2689
2010;5;7;1.2721
2010;5;10;1.2861
2010;5;11;1.2715
2010;5;12;1.2642
2010;5;13;1.2568
2010;5;14;1.239
2010;5;17;1.2299
2010;5;18;1.2358
2010;5;19;1.2317
2010;5;20;1.237
2010;5;21;1.2575
2010;5;24;1.2406
2010;5;25;1.2279
2010;5;26;1.2224
2010;5;27;1.237
2010;5;28;1.2369
2010;6;1;1.2266
2010;6;2;1.2206
2010;6;3;1.2193
2010;6;4;1.1998
2010;6;7;1.1959
2010;6;8;1.1995
2010;6;9;1.2045
2010;6;10;1.2111
2010;6;11;1.2077
2010;6;14;1.2277
2010;6;15;1.2327
2010;6;16;1.2323
2010;6;17;1.2365
2010;6;18;1.236
2010;6;21;1.2385
2010;6;22;1.2303
2010;6;23;1.231
2010;6;24;1.2288
2010;6;25;1.2332
2010;6;28;1.2316
2010;6;29;1.2187
2010;6;30;1.2291
2010;7;1;1.2464
2010;7;2;1.2577
2010;7;6;1.2646
2010;7;7;1.2594
2010;7;8;1.2683
2010;7;9;1.2639
2010;7;12;1.2573
2010;7;13;1.2719
2010;7;14;1.2755
2010;7;15;1.2893
2010;7;16;1.2919
2010;7;19;1.2963
2010;7;20;1.2905
2010;7;21;1.2818
2010;7;22;1.2903
2010;7;23;1.2874
2010;7;26;1.2983
2010;7;27;1.2983
2010;7;28;1.2998
2010;7;29;1.3064
2010;7;30;1.3069
2010;8;2;1.3174
2010;8;3;1.3239
2010;8;4;1.3158
2010;8;5;1.3157
2010;8;6;1.3282
2010;8;9;1.3241
2010;8;10;1.3095
2010;8;11;1.2899
2010;8;12;1.2866
2010;8;13;1.2767
2010;8;16;1.2838
2010;8;17;1.289
2010;8;18;1.2872
2010;8;19;1.2837
2010;8;20;1.2687
