SP500,FTSE,,
5.375081214,-2.207284282,,
-0.434198377,2.383655451,,
-2.778941037,0.201878344,,
-0.647527685,-0.785575442,,
0.315457675,-1.005099287,,
0.781397143,-0.45272411,,
1.250941446,0.891961069,,
-0.799262913,0.824082055,,
0.748774254,-1.342192444,,
-0.154509319,1.858253737,,
1.722130269,0.20149435,,
0.174563458,-0.009662458,,
-0.29253074,0.364914039,,
1.253540626,-0.277985508,,
0.321095083,0.796536013,,
-0.49398756,-0.140575103,,
-0.246501565,0.616739937,,
0.350553994,0.359994997,,
0.96643433,0.276647214,,
-0.454780857,-0.585815482,,
0.627223465,-0.728330696,,
-1.995603631,0.073551753,,
0.59075599,0.204381498,,
-0.160769472,0.385271042,,
-1.09985569,-1.083164197,,
-0.924678115,-0.313714391,,
-1.739022665,-0.675809337,,
1.412993438,1.242993022,,
-1.061884892,-0.206898285,,
-0.302757959,-0.843233773,,
0.848908962,0.350732938,,
-1.918059857,-1.784162839,,
-2.103639865,-1.793160638,,
-2.102509914,-0.128843356,,
-0.047880516,0.51271458,,
-0.720972478,-0.994416739,,
2.027117254,-0.455297404,,
-0.739230621,0.413227213,,
-1.588662175,-0.392947694,,
0.104516853,-0.157273951,,
-1.174666718,-0.849824953,,
0.713659971,1.233274607,,
1.093571044,1.351405862,,
0.813169421,-0.169804765,,
0.113655574,0.023323615,,
-2.81138638,-1.441239661,,
-5.165897372,-1.546378675,,
1.975340356,-1.83253015,,
-2.878812571,-1.671024023,,
0.770385074,1.819496963,,
-2.140234801,-2.94743263,,
1.632882122,-0.201540412,,
-2.668859658,1.700283853,,
-2.076643772,-1.896816646,,
-0.406107992,-4.162546483,,
2.272884488,1.632940708,,
1.32404685,3.175448287,,
2.869471516,2.680461592,,
-2.893265662,-2.012040967,,
-0.581312741,-0.457045715,,
1.144054704,0.807339911,,
-1.229575961,-0.270169553,,
-3.840790189,-2.804833016,,
-0.247469793,1.320163189,,
4.790783078,1.543387123,,
-1.916224243,-0.361747831,,
0.711071152,1.097234217,,
2.778050645,2.436826403,,
0.100309295,-0.257093946,,
1.624300234,-0.372143367,,
0.57867591,-0.095422338,,
4.404801224,2.216152425,,
1.50581876,-0.316278384,,
-0.830830422,0.139557863,,
-1.529519857,-0.144667333,,
-1.294048845,-0.529390901,,
1.561875201,-0.219407346,,
0.736749735,0.697689179,,
1.368099514,1.406150228,,
-0.562346026,0.260104356,,
1.549584434,-0.654064157,,
0.271159754,-0.402292593,,
-1.468135605,-2.372004954,,
1.682410003,1.796182734,,
-0.357379499,0.273886551,,
-0.649586168,0.123937843,,
-0.110466733,1.18574131,,
-0.923783413,-1.133156601,,
0.315569912,-3.561171315,,
-0.187056086,2.642913119,,
2.798345633,0.700955381,,
0.147348506,0.347796932,,
0.419803309,0.177672537,,
1.517497828,0.448695994,,
-0.375002285,0.587338702,,
-1.620911537,-1.334026858,,
0.466446038,0.313206557,,
-1.50916108,-0.442160016,,
-0.822158552,-0.440713,,
-1.534146429,-1.149161933,,
0.507296366,-0.013801432,,
0.521670525,0.232644409,,
0.746884439,0.804043385,,
1.156047115,1.120650152,,
-1.06593982,-0.355210116,,
0.535908595,0.789890856,,
-1.017933109,0.038659036,,
-0.820945535,-1.525713063,,
0.148361101,-0.968758916,,
-1.185284213,0.278729039,,
-1.654440812,-1.170008249,,
-0.444250561,-0.51413995,,
-0.345296482,-0.902187855,,
0.350083882,0.155038791,,
1.172368688,0.337434415,,
1.397025117,-1.026373528,,
-1.066368226,0.429819094,,
-0.649752321,-0.067092767,,
-0.394746741,-1.893509718,,
-0.453739345,0.935189015,,
1.408596733,0.542401942,,
-0.561692862,0.072689239,,
1.248463518,1.306448612,,
-0.220569346,-1.352538097,,
-1.576849207,-1.614048177,,
-2.514812233,-1.276674819,,
0.867423651,-0.188160558,,
-1.54842224,-0.018286885,,
-0.292811527,-1.399680303,,
2.513410386,1.64992017,,
0.702790832,1.005580869,,
-1.002052555,-0.360047792,,
1.011623765,-1.631846461,,
-0.616016732,-0.428345251,,
0.643130186,0.605056264,,
-0.237891975,-0.929379871,,
-1.803274671,0.337274698,,
-1.682339423,-1.586905708,,
1.607442809,-0.839952465,,
0.841792675,0.196936192,,
0.164609091,2.189212903,,
-0.204995835,0.803705777,,
0.526974347,1.501513295,,
0.232787859,0.32141595,,
0.425641504,0.675568985,,
-0.419227445,-0.66295012,,
-1.362564064,-0.382879283,,
0.567299239,0.188010758,,
-1.823510862,-1.095050576,,
0.049368089,-1.353036433,,
0.587252762,0.448750072,,
-0.150585183,0.071834452,,
-0.570017395,1.402357769,,
-0.661137577,-0.842348226,,
0.332767991,-1.323350864,,
-1.861760339,-0.888944439,,
0.860115792,0.285994868,,
-1.468153878,1.351559827,,
0.744338641,-0.39856128,,
-0.294709756,-0.225817295,,
2.297456924,1.387531002,,
-2.095276679,-0.682158404,,
-1.319832453,-0.31514083,,
-2.060862792,-1.579523644,,
0.524406904,0.230386796,,
0.11078032,0.645247749,,
0.146940637,-1.189288112,,
-2.338449793,-2.12359339,,
-2.076186779,-2.60852195,,
0.8431738,-0.724468727,,
-5.422039916,-2.714461006,,
-0.435648004,-1.030006234,,
-1.520614582,-2.654172354,,
-3.49688036,-3.552633646,,
-1.877724603,-2.740811787,,
4.246554858,3.983903644,,
0.948646718,1.067130948,,
-0.315216706,0.698758119,,
1.092233348,1.427130789,,
2.111806723,2.892515713,,
0.056258792,-2.431743315,,
1.15009143,0.97111359,,
2.023606666,1.019145952,,
-0.391247485,2.715867063,,
0.169425179,0.393944124,,
-0.822478272,-0.065549676,,
-0.559483203,-0.456062528,,
2.356483288,2.820248119,,
1.543651812,0.228726597,,
-0.464343416,-0.376319501,,
-0.062432553,-1.531441492,,
0.659810142,0.301481031,,
-1.692910533,2.348931639,,
-0.66203845,-1.693937436,,
0.505065293,-1.940122233,,
1.562307827,1.044804857,,
-0.618777441,2.394962331,,
-0.064415698,-0.496096916,,
1.232771702,-1.579873316,,
0.41637322,1.985428033,,
-2.611356603,-1.999190628,,
-1.507676046,-1.631435163,,
-0.115650455,0.718890314,,
2.504960164,0.623091949,,
0.312994899,1.143071256,,
1.187584408,1.539890758,,
1.683358793,0.095939834,,
-0.462633658,0.042184385,,
0.518144883,1.177784616,,
0.237309679,-0.644348047,,
-0.322323781,-1.886412576,,
1.875963093,2.511812616,,
0.360483301,-0.692162721,,
0.217022805,-0.047714933,,
-0.402203324,1.002933605,,
1.183305725,0.884378706,,
-0.850566262,-0.738954353,,
-0.623944764,0.284570274,,
1.171567193,-0.388423228,,
0.499366323,0.175542954,,
-0.91149426,-0.690734638,,
-2.03640292,-1.161293515,,
1.092606643,0.063378052,,
-0.082045677,-0.09412127,,
-1.055482269,-0.752303851,,
1.197310509,0.915519034,,
2.040076499,2.302483751,,
-0.15571763,0.67829808,,
-0.839683534,-1.976649997,,
-1.797119174,-1.525432222,,
-0.330875052,-0.467823545,,
0.181082925,-0.793716718,,
-1.69773924,-0.884761875,,
0.311466769,-0.274272807,,
1.144755629,1.476888366,,
0.758811229,0.28773082,,
0.911191357,-0.593866442,,
-0.753613906,-0.792098879,,
0.360465407,1.543089782,,
-0.208262281,0.352147105,,
0.965944623,0.689087091,,
0.148822134,0.558553807,,
-1.270392841,-0.478021522,,
0.801190724,0.017248484,,
1.038764186,1.907603565,,
0.583043185,0.093962009,,
-0.704098398,-0.568879037,,
-0.321844394,-0.819427954,,
-0.487261141,-0.417983412,,
0.159297768,-0.725586721,,
-1.082784933,0.152079573,,
-0.573362599,-1.650525731,,
0.684564014,1.021459341,,
-1.700275475,-0.746098122,,
1.148185739,0.210403351,,
-1.104716171,-0.226006409,,
-0.804633139,0.435967993,,
0.524357554,0.607951688,,
0.254196112,1.008295703,,
0.008693913,-0.769227184,,
-0.039998261,0.58752545,,
-3.114570019,-1.780829293,,
1.265997687,-0.823822989,,
1.601271614,1.472608311,,
-0.724514037,0.480951239,,
-2.836008304,-0.432558365,,
-0.189906099,-1.44047244,,
-0.395436674,-0.385554022,,
-0.274822949,1.043064904,,
1.553418761,0.021452741,,
1.389950743,0.655013566,,
-0.455840235,-0.506920241,,
0.934272035,0.353755617,,
-0.11630777,1.057659484,,
-1.327696601,-0.504273915,,
-1.88124985,-1.751869621,,
1.512483545,-1.352253569,,
-1.629080388,0.974516002,,
0.99037649,-0.444484686,,
1.742721817,0.983113863,,
-0.197079384,0.74807228,,
0.074616263,0.763762024,,
-0.120835199,-1.505952931,,
2.415427862,1.324264727,,
1.782136821,1.402385869,,
-0.782223472,-0.535578939,,
1.409387239,0.602325068,,
-0.565803615,0.695317973,,
0.503094405,0.068131496,,
0.319913608,-0.508318148,,
-0.108215969,-0.121772567,,
-1.086939489,0.370564346,,
-0.063300345,-0.201264617,,
1.157006765,0.593136161,,
-0.254073784,0.135943982,,
0.416342882,0.305199935,,
-1.689614906,-0.929799763,,
0.046367454,-0.258550362,,
-0.404291193,-0.05331404,,
-1.46213621,-0.897261642,,
0.610374746,-0.155782743,,
0.402547695,0.368869412,,
0.065780365,1.089029978,,
-1.111944288,-0.387715249,,
-0.958240666,-0.068576656,,
0.121827426,-0.732505929,,
-0.477564273,0.461549593,,
-0.012411678,-1.056462833,,
-0.912028267,0.019308374,,
1.159969597,0.951134593,,
-2.850903064,-1.769206423,,
0.775928476,0.458324425,,
-1.093105504,0.779746095,,
2.447349854,1.118419504,,
-0.27831814,0.076018172,,
-0.066125158,-0.657564814,,
0.076844037,0.27117366,,
-1.757071054,-0.42235684,,
-0.773839458,-0.585836009,,
-0.724494278,0.5226158,,
-0.216156382,-0.397477409,,
-1.550736535,-0.743497849,,
-1.044183919,-0.098905263,,
1.049818939,0.226755269,,
1.144811883,-0.779318109,,
-0.185863295,0.943732974,,
-1.312691477,0.558919082,,
-2.345779511,-1.611969419,,
4.231676657,1.727218851,,
-1.665601635,-0.221011554,,
-1.602036292,-0.509221068,,
1.990604991,0.647650683,,
2.19398068,0.66447972,,
-0.65832054,0.373383552,,
1.075338374,-0.201758795,,
0.984406504,-0.582813478,,
-1.46009257,-0.189908076,,
-1.292055333,-0.209508692,,
0.67395182,-0.875444035,,
1.037191833,0.453172981,,
-1.406932696,-0.119871636,,
-1.042607002,-1.852971509,,
-0.804243502,0.173276143,,
-0.219091237,-0.833683882,,
0.060486922,0.874989534,,
-1.586594178,-1.905916222,,
-2.197250719,-0.633378011,,
-0.438601508,-0.753192465,,
0.336498571,0.158398181,,
-1.649983457,0.133833539,,
1.254333121,-1.698298622,,
-0.963165654,-1.658461056,,
-0.079687629,-3.001490909,,
2.833362414,2.684553391,,
0.106495252,-1.158722314,,
-1.774795944,-1.060473464,,
-1.512443732,-1.561871732,,
-2.142708108,0.5443316,,
0.736929011,-1.386238746,,
-1.970446564,1.942740079,,
-0.175985304,-2.183016181,,
1.855973125,0.211649623,,
-0.303546014,2.518345548,,
-2.303317246,0.629404146,,
-1.865037674,-3.011297002,,
0.910521685,-3.450238193,,
3.774735423,4.952056344,,
-1.301412719,-0.310299807,,
-2.298521417,-1.277329762,,
-3.544533897,-2.740325438,,
0.917965236,-4.396032721,,
-0.870014058,-0.139577269,,
-0.379879943,-5.588780543,,
-1.845567737,0.683601285,,
1.079246811,4.108949398,,
-2.77125091,2.514299673,,
-4.207103688,-4.741466493,,
-3.663554423,-5.075021279,,
-2.766665409,-0.967312631,,
5.690073169,-2.119239506,,
-0.64017035,4.877629604,,
2.281467777,1.270295816,,
5.455898425,4.529140227,,
0.449230095,-0.520064152,,
1.309559498,1.549793096,,
-3.222192199,-4.866653185,,
-2.338528872,0.763550508,,
-3.633948601,-1.959948268,,
2.968219506,3.312555254,,
2.358497182,-0.889932199,,
3.494602332,3.50610004,,
0.362453725,1.912961673,,
-0.583627349,-2.359660044,,
-2.407349046,1.179767136,,
4.208416643,-2.383208448,,
1.143212125,3.681021807,,
-0.285647484,0.057753395,,
2.612654926,2.210943339,,
-1.42639636,-1.316571423,,
1.259882293,-0.093889195,,
1.223630419,1.58876005,,
-2.38441199,-1.017630177,,
-0.70851034,1.355301021,,
-1.846509494,-4.028652128,,
-0.114652863,-1.525379381,,
-0.26007817,0.42671283,,
-4.612120298,-4.814457032,,
1.790568216,-0.042207188,,
-1.993031972,-0.395626239,,
1.700179809,2.370094435,,
1.024576306,-1.096759917,,
1.018572235,2.746017964,,
-0.105344024,0.839479305,,
-2.710928943,-3.033165645,,
0.227613426,-1.900488443,,
0.541033321,0.90161186,,
-1.830145975,-0.47587271,,
-0.585452309,-4.048458571,,
-3.010529435,-1.351776695,,
0.19835654,1.214568725,,
-1.550050053,-3.176791913,,
-1.572021507,-1.843382607,,
2.596986979,0.681392019,,
1.606734244,4.092371544,,
-3.63339362,1.459202462,,
-1.45528913,-4.861358271,,
4.440158382,2.01091998,,
-2.331185443,2.799237634,,
-0.883850236,-0.639652814,,
-2.219615581,-1.728640282,,
-1.768939129,-0.866399089,,
1.684582344,-1.34198036,,
-2.561825433,0.318484392,,
3.311096362,0.928235185,,
4.048393142,4.556649947,,
0.674355907,-0.552950046,,
4.978113035,4.930357585,,
-2.506215276,-1.773373293,,
2.271176498,2.74675768,,
0.627773696,-0.968542241,,
1.595155667,0.079861578,,
-0.803234846,-0.361094337,,
0.471719783,-2.756826241,,
-1.517849683,2.387113077,,
1.719963155,-1.29005566,,
-0.784369589,0.967876279,,
-0.717023994,-3.852763961,,
0.829769809,1.682956105,,
-0.309803302,0.920129838,,
1.53077679,-1.062635206,,
0.890903526,3.551396133,,
1.219120873,0.11100923,,
0.666676236,-1.027912757,,
-2.2564047,-0.547344067,,
-0.688500879,-1.15084009,,
-2.156942033,-0.472038838,,
0.639107873,1.713495248,,
0.024414334,-1.370424681,,
2.309946414,0.586453892,,
0.557923727,0.945407118,,
-1.020892549,0.594572637,,
-0.287989727,-0.474886737,,
2.011574511,-0.039065362,,
2.30099584,2.295843695,,
-0.593984263,-0.353847259,,
0.403370366,-1.277525992,,
-2.091111438,-1.249833191,,
2.803527358,1.782109682,,
-0.314842682,0.606237423,,
-0.347266154,-0.362819817,,
-1.599087739,-1.917504101,,
-0.339146062,-0.659775904,,
-1.368204628,-0.400941015,,
0.593896507,-0.469805361,,
-2.271414385,-2.003237837,,
1.421596857,-0.226494899,,
0.043422567,1.263323932,,
-0.467783671,-1.001247271,,
-1.478579142,-1.464177487,,
2.502671407,2.694099675,,
-1.011008112,-1.908150183,,
-1.277201412,-1.89832532,,
-0.811624369,0.161529879,,
1.401778464,1.254656687,,
0.131648255,1.201016123,,
-0.613640539,0.131996465,,
-2.2827915,-2.900544329,,
0.38972352,1.84222545,,
-0.004496807,1.015185354,,
3.262661525,1.738430427,,
-0.065309679,-0.114793385,,
2.269350514,-0.087431154,,
-0.405299303,-1.105705591,,
-1.676944136,-0.827184945,,
2.120555169,0.234132544,,
0.104218741,1.014158741,,
0.089243982,-0.651320085,,
0.736402168,-0.068407254,,
-1.578885103,-1.475758904,,
-0.468022924,-0.154448136,,
-1.592120914,-1.589148524,,
-1.544576873,-2.220460936,,
-1.044629039,-1.58337428,,
1.122316186,-1.528755013,,
-3.283863697,-0.512048061,,
-1.54114024,-3.469894301,,
1.19892192,0.263958379,,
0.662702066,-0.177808415,,
-2.50635046,2.687595391,,
1.36395374,-0.316256683,,
0.720977014,3.362680406,,
-1.587004414,-2.728378594,,
-0.662106882,2.437937163,,
-0.593291911,-2.245926419,,
-1.11603001,0.061143383,,
0.770680059,-0.560022639,,
-0.820837099,2.486228249,,
-1.194452971,-1.457755764,,
0.103908666,-0.146674257,,
2.039252603,0.030459524,,
2.086604596,3.204022673,,
-0.623054975,-1.927561778,,
-1.057342606,0.786880379,,
1.30656537,1.076308894,,
-1.973423686,-0.681126353,,
0.805817558,-2.193088319,,
-1.460433733,-0.781730432,,
1.135107531,-0.653341614,,
0.43823551,2.372265422,,
-0.750410582,0.792887279,,
-1.62861493,-1.62520677,,
1.182312794,-1.719383554,,
-0.91062903,-0.227563345,,
0.867793304,-1.810749063,,
-2.526165955,-1.605207976,,
-0.710456454,0.484852954,,
0.534537722,-4.918123898,,
3.382900022,5.903779465,,
0.254999784,3.242063117,,
3.378049515,3.29080363,,
0.395895946,0.669382386,,
1.007667639,0.481851665,,
0.213332217,0.007966964,,
2.343398261,2.501835003,,
-3.725752621,-3.098454165,,
1.15328491,0.498315556,,
-0.608905404,0.823289584,,
-0.240068965,-1.701670904,,
-0.698563624,-0.553943548,,
-2.032201136,-2.600599999,,
1.358612776,1.959476788,,
2.824111716,1.844584579,,
-0.528817222,0.470464021,,
0.35658657,1.141664236,,
0.125288067,3.133078644,,
-0.02236136,-1.716978345,,
-1.491556131,-0.191456942,,
0.498155594,-1.516070109,,
-0.39832575,0.126126616,,
1.94036944,1.078691491,,
0.5478615,1.73577019,,
-1.179285189,-1.592992755,,
1.539192399,0.885841461,,
2.044159791,0.730126596,,
0.909302367,1.237934685,,
-0.937379211,-1.716398376,,
-1.468774704,-0.741392471,,
1.86328655,1.795067725,,
0.24712329,-0.317738984,,
-0.085886678,-0.045837684,,
-0.040822027,-1.176016936,,
1.393520272,1.851266373,,
0.177856872,1.351949226,,
-0.509004089,-0.337529854,,
-1.062373055,-1.615829546,,
1.474018518,1.025546129,,
1.20185406,0.452443965,,
-0.534945736,0.312997138,,
-0.301246291,-0.62446127,,
0.777592553,0.904076981,,
-0.411160638,0.940441913,,
-2.483714082,-2.695931892,,
-0.101333514,0.765841805,,
0.348845075,-0.890243613,,
0.894525428,1.362487646,,
0.078796337,-0.265990973,,
1.947908207,0.316098705,,
0.13769509,1.971716716,,
-0.466006465,0.286923132,,
1.203404,-0.873131708,,
0.446023701,1.986026584,,
0.564990665,-0.329897206,,
1.40775765,0.264489435,,
0.223977817,-0.541861876,,
-0.094776224,1.126588214,,
-0.877403021,-0.52416212,,
0.962100937,-0.39067763,,
1.174315126,0.897974109,,
0.177151491,0.269509512,,
-1.003346214,-0.655787484,,
2.285757063,0.453723477,,
0.2412026,0.898930939,,
-0.178394692,0.395360984,,
-1.560229789,-1.810926745,,
0.125479278,0.689857529,,
-1.3264601,-1.750772168,,
0.145123279,-0.662676684,,
-0.98979646,0.172227186,,
1.104536546,-0.646150024,,
-1.102502393,0.643691723,,
-0.248472633,-0.903821439,,
0.915472906,-1.683570928,,
1.173128234,1.078948591,,
-0.934980026,0.445734518,,
1.881083442,1.234644554,,
0.166034194,-0.029453635,,
-0.536650891,-0.465042729,,
-1.307077526,-0.640813723,,
1.078474192,0.724631891,,
0.537875799,1.698124048,,
-0.221944882,-0.609958028,,
-0.596933543,-0.621059261,,
-1.259217137,-0.504076703,,
1.344996688,0.408374697,,
-1.750019518,-0.712044893,,
0.977351183,0.871497392,,
0.03013773,0.166540167,,
-0.835153729,1.532308608,,
1.864411463,-0.444402238,,
-0.288721167,0.425121413,,
-0.728484019,-0.284824832,,
-0.11254699,0.101471343,,
0.397367465,0.380805936,,
-1.1340525,-1.419700663,,
0.376084719,0.041471001,,
-1.800162646,0.50844887,,
0.301603651,-1.235457763,,
0.740902878,0.617195199,,
0.413978431,1.266484648,,
0.266958052,0.694338786,,
0.928780574,0.212860179,,
-0.894451357,-0.117136621,,
0.589829694,1.356557003,,
0.016055874,0.223922027,,
0.897028261,0.582202269,,
0.224493742,-0.499830911,,
-0.403655314,-0.788837609,,
0.029882562,0.144534376,,
-0.924505814,0.056808769,,
0.373232098,-1.154321244,,
-0.110219348,0.691813155,,
0.502016115,-0.19989536,,
0.422059157,-0.8828759,,
1.478996019,1.035213357,,
0.709997521,1.36304006,,
0.325998659,-0.312540644,,
-0.717434323,0.197507706,,
1.073265293,0.816445647,,
-0.794624023,-0.659188923,,
-1.007156329,-0.277125588,,
0.509735062,-0.233097594,,
0.18169923,-0.103773594,,
-0.457809968,0.543613891,,
1.440666587,0.890203194,,
-0.37374534,-0.139664827,,
1.381484934,0.504200796,,
-0.379594405,-1.346311036,,
-1.414045787,-0.678831627,,
0.545934542,-0.153848005,,
-2.087039083,0.347596146,,
-0.563448836,-0.810565431,,
-0.600662333,-1.079048188,,
1.077023839,-0.346996661,,
-1.287408921,-1.248498121,,
2.333363205,1.886140292,,
0.170332777,0.952467724,,
0.773604022,1.530130878,,
0.362329767,-0.091291073,,
0.501602317,0.044485549,,
-0.598353423,-0.079619703,,
0.374872422,1.055646273,,
-0.082969142,-0.067247159,,
0.562069582,1.182954544,,
0.446245486,-0.648546498,,
-0.221916222,0.797439563,,
0.262038117,-0.668315056,,
-1.034925666,0.099036133,,
0.636816158,0.080538461,,
0.06326748,0.110347376,,
-1.61524436,-1.544387542,,
0.287859537,-1.065012764,,
-0.707515645,-0.028304557,,
-0.093931633,0.289742615,,
1.529060983,0.506793511,,
0.003856165,-0.168645954,,
-0.218106804,0.821800904,,
0.472285482,-0.309716729,,
0.772041881,1.044068787,,
-0.503162561,-0.053100002,,
-0.216967722,-0.623141574,,
0.687682891,0.482174424,,
-0.601223401,1.211355907,,
-0.371343515,-0.805170258,,
-0.02120625,0.075976474,,
1.06056515,0.598879754,,
-0.22918706,0.041170148,,
-0.763919262,0.547321777,,
-0.53707482,-1.330163043,,
-0.779818235,0.363486183,,
0.894043116,-0.628882182,,
-0.978026676,-0.449314048,,
-0.003907929,0.255013468,,
1.4625702,1.457262555,,
0.044279733,0.143653614,,
0.320922687,-0.420139903,,
-0.090215468,-0.635840956,,
1.119037018,1.540144238,,
-0.359551804,-0.707713816,,
-0.055283903,0.298715291,,
0.596971297,-0.314702319,,
-0.770647063,-0.256140651,,
0.791495599,-0.165008975,,
-0.669318541,0.453121127,,
0.224873365,-1.014351784,,
0.915221123,-0.094615028,,
0.30510222,0.375624081,,
-0.246646395,0.009200055,,
0.803594193,-0.34558265,,
0.084116085,0.488075377,,
0.983562671,0.984981968,,
-0.042563036,0.340537924,,
0.373196805,0.264816877,,
0.21000284,0.381279439,,
-0.259805016,0.085531652,,
1.323284586,0.287569563,,
-0.029135938,0.288981933,,
0.310951744,0.145295254,,
-0.143535913,0.741065581,,
1.322154183,0.068709484,,
0.078919524,-0.179630807,,
0.279304785,-0.717296074,,
0.636258039,0.47283521,,
-1.130944761,-0.622735119,,
0.512564296,-0.374612087,,
-0.656410406,-0.213730578,,
0.720743223,0.478571941,,
0.116051754,-0.11886741,,
0.764353047,0.711094231,,
-0.171914227,0.253694279,,
0.863665415,0.264136439,,
-0.428251084,-0.765468802,,
-0.141390243,-0.358038335,,
1.410217865,-0.343577356,,
-1.102949134,0.033736295,,
-1.359816451,0.473355081,,
0.643157777,-1.274849466,,
-0.496703027,-0.47261,,
0.436304752,-0.212035966,,
0.10656059,0.209758399,,
-0.800196744,0.17976817,,
0.132322457,-0.321078735,,
1.145996711,0.416520273,,
-0.414240533,0.717433003,,
0.465458732,-0.667476147,,
1.060831558,-0.202252111,,
-0.518471673,-0.417156423,,
-0.618313504,0.780462908,,
0.935671113,1.115693097,,
-0.510720066,-0.417771597,,
-0.400215628,1.623075202,,
-0.210446348,-0.013288154,,
-0.051352429,0.205768218,,
-0.157763689,-0.609683635,,
0.384224279,0.237664339,,
-0.065408585,0.186182646,,
-0.168137169,-0.526194307,,
0.862462025,0.99234412,,
-0.628916271,0.068303756,,
0.114803478,-0.330936189,,
0.31899078,0.748555927,,
0.022871821,-0.26355685,,
-0.84443847,0.147238212,,
-0.492633736,-0.259460556,,
-1.454636406,0.072628837,,
-1.575295119,-2.226886972,,
1.052949184,0.498172159,,
-1.402722189,-1.227451421,,
0.606719884,0.361917652,,
1.079278324,0.62797735,,
-0.143353591,-1.330386546,,
-1.281119891,0.44920444,,
-1.404012765,-1.917444336,,
-0.17736294,-0.353663556,,
-0.123406021,-0.210943645,,
1.820591628,1.478778531,,
-0.145243308,-0.368797019,,
1.268778789,1.122761161,,
0.375343825,0.138329859,,
-0.253701457,-0.616016041,,
0.454394004,0.568415882,,
0.802350177,1.237017678,,
0.849277157,0.337570042,,
-0.227668982,-0.176467349,,
-0.768643292,-0.091707214,,
-0.208370832,0.468834579,,
-0.700136391,0.579647395,,
-0.065210306,-0.675468062,,
0.106850194,0.447119498,,
0.446086652,0.703324879,,
0.15125327,0.19595977,,
-1.574093142,0.50026434,,
0.383107282,-0.63893772,,
1.093777881,0.700201506,,
0.280565631,-0.039379554,,
-0.392291446,0.039379554,,
0.180141279,0.085269204,,
-1.410133384,-1.125261868,,
-0.604187195,-0.110570555,,
-0.674395878,-0.661548388,,
1.152554508,1.272577454,,
0.007310342,0.489213081,,
-0.603068486,-1.173285744,,
-1.211575514,-0.394915429,,
-0.872878265,-2.320874164,,
0.621329244,1.344668223,,
0.21804569,-0.942764888,,
-0.175144446,0.922559466,,
-0.14183076,-0.269796467,,
-0.951342704,-0.877357292,,
0.642726461,0.258579771,,
-0.288903681,1.291908765,,
0.172692163,-0.968492487,,
0.211703731,0.060947395,,
-0.05428831,-0.056431499,,
1.551455736,-0.246414123,,
0.038710035,0.458431524,,
0.683248443,0.344133764,,
-0.218058632,-0.515517277,,
-0.003668917,-0.18072158,,
0.452096058,0.002261037,,
-0.670639252,0.284482367,,
0.57928668,0.427456837,,
1.561554079,0.8316614,,
0.188775979,0.293450924,,
-0.800696769,-0.340215798,,
0.469654042,-0.075760956,,
-0.876055415,-1.18620565,,
0.495081938,0.571314449,,
0.115709365,0.72628452,,
-0.150086373,0.048973778,,
0.39913003,0.277805737,,
-0.442570517,-0.079928956,,
0.200754252,-0.751338436,,
0.779292506,0.40646831,,
-0.375389975,0.367079023,,
-1.078294601,-0.202282976,,
0.132699546,0.545891645,,
0.368090788,-0.139517911,,
0.24584694,-1.076153649,,
-0.881334589,-0.886514671,,
-0.335711604,-0.391753312,,
-0.70426701,-0.836176709,,
0.169182997,-0.281816181,,
-0.745074727,0.519481688,,
0.446973519,0.275805652,,
0.196993611,-0.758583357,,
0.05516227,-0.052766212,,
-0.407077437,0.341340262,,
-0.724298553,-0.732217243,,
-0.368791045,-0.034562611,,
0.072748303,-0.417999985,,
0.624572174,0.422609023,,
-1.236183436,0.869600625,,
0.462326866,-1.635302921,,
-0.958848481,0.463360651,,
-0.054692732,-0.912548564,,
1.021010728,0.880183111,,
0.173509125,0.721109897,,
0.152737191,1.424541748,,
0.072561518,-0.126814483,,
0.508312166,0.058898153,,
-0.461826051,0.316548979,,
0.10590761,-0.488810405,,
-1.553349345,0.120160985,,
-1.589356853,-1.725500743,,
0.112999773,-0.5432095,,
1.208169264,0.842445521,,
-0.422625261,-0.893450553,,
-1.334500256,0.368043192,,
0.223016973,-0.616484756,,
1.255717727,1.125802198,,
0.208392611,0.195202671,,
1.21140641,-0.080331429,,
-0.325861292,0.169767643,,
0.549976132,0.151171609,,
-0.214766687,0.822843551,,
0.016824474,0.049927379,,
0.854316303,0.092980016,,
-0.020388682,0.95426814,,
0.262880356,0.809485637,,
-0.390867908,-0.688317018,,
-0.031558332,0.952993944,,
1.025176376,0.368046887,,
-0.569476572,0.710083033,,
0.725561624,0.324689856,,
-0.345550467,-0.157825548,,
0.141673053,-0.44852984,,
0.432972588,0.154134127,,
-0.025632575,0.296589441,,
0.150040283,-0.283388993,,
-0.789313544,0.061579065,,
0.132599146,0.177926219,,
0.449892877,0.754308031,,
-0.711576647,-0.250804341,,
0.51717748,0.629090332,,
-1.460851808,-0.349973729,,
-0.492979785,-0.523984344,,
0.031818225,0.214292044,,
-0.628879761,-0.809277058,,
0.59518956,0.573092637,,
0.442681087,0.454377434,,
-0.317336138,-0.377775073,,
1.530684728,1.924136325,,
0.299673893,0.475304383,,
-0.047740586,0.538935578,,
0.624332612,-0.016997047,,
-1.029206366,-0.161616197,,
-0.705068847,0.004256406,,
0.26891957,-0.285580519,,
-0.129732954,-0.805712889,,
-0.696010998,-0.282245655,,
-1.107930136,-0.116577807,,
0.418323925,-0.144832009,,
0.63356601,0.084330711,,
-0.785995024,0.616261728,,
-0.050861347,-0.83696938,,
0.101696839,0.021659555,,
-1.154856552,-0.043323803,,
-0.221129374,-1.108955907,,
1.456892841,0.413210177,,
1.138894186,1.013738534,,
0.315615805,0.273916638,,
0.216640674,-0.401424948,,
-0.027748231,1.066906227,,
0.031447414,0.414220727,,
1.114596788,0.537629991,,
1.612952825,0.207477739,,
0.40951275,0.242921086,,
-0.107604028,-0.490673968,,
-0.071800398,0.023319165,,
-0.244507691,0.355473174,,
0.831754697,0.891567611,,
1.072453461,0.355247584,,
-0.02296191,0.19172664,,
-0.67886998,-0.683138396,,
0.613487979,0.533122741,,
0.044181711,0.19580892,,
-1.115801424,-0.930375409,,
0.347801622,-0.58353424,,
-0.062336924,0.196295773,,
0.250892043,-0.486166381,,
-0.008886124,0.467186847,,
-0.445316019,0.174897056,,
-0.479591478,-0.985938379,,
1.55563439,0.688642287,,
0.042378119,0.326766674,,
0.111157193,-0.069480269,,
-0.086444914,-0.530057098,,
-1.002199017,0.124847924,,
0.510336738,-0.525837142,,
0.453025957,-0.3300579,,
-0.153727932,0.119372456,,
0.864510495,0.907670481,,
0.351758717,-0.295995818,,
0.179776114,0.114273634,,
0.001743816,0.1479384,,
-1.0641289,-0.814253863,,
0.072234607,0.727630784,,
0.974454765,0.040151732,,
0.344737871,0.933721454,,
0.125065154,0.215366363,,
0.081555458,0.668230433,,
-0.074611978,0.006224131,,
-0.140699526,-0.120401908,,
-1.492068379,0.676930121,,
-0.275623419,-0.849481955,,
0.411388795,0.380050923,,
-0.204600043,0.615806211,,
0.333142687,-0.276437029,,
-0.633745887,-0.455515623,,
0.464669252,-0.731078103,,
-1.018726643,0.348501485,,
0.511546409,0.426147343,,
0.89773701,0.064284013,,
-0.995226227,-0.116156077,,
-0.479966791,-0.363859806,,
-0.691994786,0.0520611,,
-0.184984024,0.191351792,,
0.641487292,0.635895967,,
0.340570026,0.080492868,,
0.103190003,0.12989023,,
-0.251043922,-0.425348043,,
0.698154422,0.40268095,,
0.584255062,1.104689207,,
0.367159846,0.203616294,,
-0.363639958,-0.160822468,,
1.203548159,0.674127916,,
0.031294552,0.772080075,,
0.185826852,0.31477776,,
-0.761122188,-0.102144032,,
0.463981296,0.192184556,,
0.442782085,0.880115595,,
0,-0.047590721,,
0.290647587,0.338590718,,
-0.107164473,-0.112736239,,
-0.737703284,0.083081128,,
0.248823438,-0.003954679,,
-1.430008528,-0.481661172,,
0.559033873,-0.886109536,,
0.583815677,-0.329297729,,
0.833092275,0.695470239,,
-0.721611485,-0.767900478,,
0.588436098,0.641992375,,
-0.001730718,-0.15410328,,
0.024227322,0.439666562,,
0.912886563,0.427814524,,
0.205539356,-0.180851642,,
-0.380580587,-0.32476294,,
-0.945698801,-0.295793161,,
0.289145146,-0.682856985,,
-0.842055412,0.400237861,,
0.457499515,-0.140604623,,
-0.763083199,0.505254102,,
-0.770713342,-1.259852845,,
0.109208776,-0.314411448,,
-0.015845489,0.024376866,,
-0.627027745,0.206963794,,
-1.115359173,0.076994776,,
0.139654825,-0.546321819,,
-0.207762509,0.246112665,,
-0.32144841,-0.071127372,,
1.240564325,-0.372720576,,
-0.190267944,-0.128635764,,
-0.786237812,0.399657968,,
0.363509788,-0.352676525,,
0.472552749,0.939069464,,
0.115568923,0.090998257,,
0.625306497,0.596511381,,
-0.728423117,0.132522157,,
-0.010673308,-0.208902535,,
0.666669136,-0.54438911,,
-0.987399249,0.294741306,,
-0.845943822,-0.310916646,,
-1.514287448,-1.093840326,,
0.164323572,-1.327357507,,
0.513138909,0.588680478,,
-1.346667893,-0.694389828,,
2.015966003,-0.049784269,,
-0.591284372,0.614342757,,
0.710203305,0.321179581,,
-0.869924553,-0.399572125,,
0.42415188,-1.164529658,,
-1.22660731,0.016702159,,
1.20489964,0.239785767,,
0.301675702,1.231529914,,
1.112099137,0.437206275,,
-0.282233762,0.404709898,,
-0.148581788,0.338044553,,
0.557383178,-0.174988854,,
-1.094473233,-0.365205911,,
0.289560736,-0.348082827,,
-0.903824379,0.364433382,,
-0.306734788,-0.137018539,,
0.865148109,-0.047079535,,
0.555312374,0.292353035,,
0.959556481,1.033732131,,
0.490479155,0.268359036,,
-0.100732528,0.183200011,,
0.321282581,0.361388122,,
0.021147238,-0.14640557,,
-0.27879747,-0.221016767,,
0.528700807,0.469578644,,
-0.031643345,-0.172324012,,
-0.751830162,-0.448228442,,
0.837946917,0.942362864,,
0.084287425,-0.119808321,,
-0.814230543,-0.111950753,,
0.049536481,-0.380769614,,
0.076026135,0.895504505,,
-0.191059198,-0.428761538,,
0.369405219,0.109858294,,
-0.118273225,0.42232821,,
0.146496898,0.396794426,,
0.142760231,-0.0713069,,
0.230453356,-0.542405192,,
0.208883777,0.506732666,,
0.325619139,0.64410552,,
-0.069936186,-0.110349188,,
-0.157535478,0.198934486,,
-0.003503609,0.337871341,,
-1.136365855,0.295681506,,
-0.821966305,-0.694569865,,
-0.053608765,-0.701410631,,
0.806448805,0.925612742,,
-0.033694216,0.366685052,,
-1.021517614,0.080216785,,
0.145037852,0.930492785,,
0.803732485,0.562260565,,
-0.848474814,0.75818285,,
0.091253126,-1.372772547,,
1.311249532,1.422477188,,
0.54746429,0.194756902,,
0.20168192,-0.481854923,,
0.21526273,0.548595961,,
0.52657396,0.262717178,,
0.090389201,-0.550976085,,
-0.784933386,-0.317855701,,
0.574478396,-0.243862751,,
0.373643805,0.26303931,,
-0.692779098,0.122642971,,
0.331322453,0.386108246,,
-0.397718877,0.549823026,,
0.083861843,-0.275484885,,
0.432169358,0.140687109,,
0.418189211,0.127208364,,
-0.853851408,0.2274322,,
0.075069181,0.160785424,,
0.702562712,0.691262182,,
0.074487899,0.090057981,,
-0.689831668,-0.315558405,,
-0.533222708,-0.015051457,,
-0.279106689,0.555400621,,
0.761751676,0.362346306,,
-0.356512847,0.256954672,,
0.72566474,-0.352083522,,
-0.809735154,-0.239154107,,
0.246755986,-0.029934518,,
-1.018947012,-0.410631993,,
0.162320513,-0.557702812,,
-0.045846486,-0.443098623,,
-0.070574123,0.81838312,,
0.155197379,0.109114864,,
-0.376063085,-0.342795054,,
-0.795614135,-0.472796236,,
0.162122233,-0.370339141,,
-0.542625921,-0.526527858,,
0.23061875,0.528430536,,
0.759594149,0.778951507,,
-0.008861242,0.594802891,,
-0.218234165,-0.031909003,,
1.319848358,0.606402757,,
0.262591401,0.124940576,,
-0.318700254,-0.468866149,,
0.693882832,0.345791505,,
-0.104560594,0.294380895,,
-0.703390358,-0.692612751,,
-0.369419553,0.175941049,,
0.154970534,0.67282588,,
0.889938077,0.452212717,,
-0.571944855,0.402303636,,
-0.711170439,-0.245249567,,
-0.937140791,-0.865934709,,
0.368449105,0.297525184,,
-0.101321634,0.516701306,,
-0.033796704,0.726994837,,
-0.08543206,-0.106418123,,
0.183233318,0.86821174,,
0.734887275,-0.302561062,,
0.001764306,-0.009127502,,
-0.325157564,0.43354775,,
-0.915749174,-0.129139061,,
-1.305351341,-1.219549641,,
-0.233735985,-1.025915926,,
0.300675841,-0.188174853,,
-0.529504737,0.227255891,,
-0.125533306,0.11529308,,
-0.350141691,-0.718092409,,
0.005480403,-1.451842158,,
0.55924584,0.185954779,,
0.194183628,0.217772183,,
-0.892359002,-0.428420431,,
1.344594718,-1.842513084,,
-1.62486858,-0.071622841,,
-0.115635596,-0.426928129,,
1.594203656,1.26575407,,
-0.097652726,-0.490871752,,
-0.420633382,0.878015996,,
-0.934603302,-0.864508871,,
1.674965278,0.588678332,,
0.406760698,1.973342163,,
-0.42479724,0.506491666,,
0.851374698,0.267217455,,
0.406954476,1.358623373,,
0.101480376,-0.152917906,,
0.236387821,0.683549756,,
-0.302249319,0.001831217,,
0.229437446,-0.387131585,,
0.75924865,-0.300093199,,
0.3221295,0.764105622,,
-0.035154946,0.089619671,,
-0.334589824,-0.557308768,,
0.003527835,-0.176639481,,
0.745104932,0.550965581,,
0.614387634,0.709928248,,
0.427143308,-0.018187109,,
0.463275907,0.350428407,,
0.375267259,0.262469718,,
0.211113573,-0.142915315,,
-0.707178803,-0.843549343,,
-0.050087654,0.247985248,,
-0.742157039,-1.242434116,,
0.980281149,1.153157343,,
-0.105187839,0.762655546,,
-0.184777499,-0.320696022,,
0.019011571,0.514065499,,
-0.485059418,-0.1807077,,
-0.344432028,0.041591697,,
0.132346558,-0.247997593,,
0.059151011,-0.288595251,,
0.565384787,0.103554471,,
0.515762927,0.252078876,,
-0.063679471,-0.468393435,,
-0.305191067,0.658392316,,
-0.335576589,0.148129442,,
-0.164740398,0.146107875,,
0.142212997,0.709458491,,
0.404718806,0.171667722,,
0.010355898,-0.02859083,,
-0.899774627,0.488492886,,
-0.245852456,0.275284116,,
-0.491771277,-0.346448366,,
1.609780248,1.10971644,,
0.248288832,0.580902117,,
0.012053898,-0.410318133,,
0.730844407,0.710849531,,
0.285053662,-0.005234095,,
-0.100614782,-0.747794699,,
0.384858197,0.747794699,,
-0.701003203,0.062791065,,
0.06330901,-0.421104754,,
-0.483531746,-0.210341883,,
-0.425448266,-0.621333197,,
0.547408927,0.519509133,,
-1.906437178,-0.366017161,,
0.180062109,-0.202941843,,
-0.003493267,-0.479872011,,
0.006986411,1.245363681,,
0.611164766,0.318544069,,
0.817728242,1.11562142,,
0.14968131,-0.121038176,,
-0.499811457,-0.337952332,,
0.317411297,0.714418489,,
-0.944839866,-0.940356227,,
-0.507239254,0.208576023,,
0.054158406,0.227199903,,
-0.664151533,-0.444476043,,
1.089409681,-0.378316162,,
-0.013914253,1.449677714,,
0.302198986,-0.770776663,,
-0.310896378,0.508757241,,
0.934974607,-0.020715013,,
0.3715558,-0.013812393,,
0.576952662,0.643697792,,
-0.128114261,0.296357422,,
-0.364742046,0.196515755,,
0.494563389,0.250637381,,
-0.446540062,-0.621777822,,
0.095977521,0.418929352,,
0.410292053,0.262431561,,
-0.913483134,-1.44679144,,
0.759820819,0.904127992,,
-0.213812354,-0.190115754,,
-0.013699568,0.43962882,,
-0.523700748,0.665166404,,
-0.034437041,-0.687358089,,
0.271729951,-0.762623337,,
-0.452719236,0.737011426,,
0.790490781,0.884073831,,
0.107777988,0.757125878,,
0.824157099,-0.036964229,,
0.347037414,0.243376506,,
0.163789137,0.469967332,,
0.131512411,0.103397104,,
-0.013480495,-0.128428602,,
-0.42387614,-0.006676125,,
0.656160372,0.270027167,,
-0.385752906,-0.290058215,,
0.047246221,0.768313498,,
-0.106335405,-1.067587273,,
-0.819016507,-0.613040323,,
0.609390545,0.395127838,,
-0.110060375,0.93533552,,
-0.426143038,-0.844760362,,
0.276944949,0.995929459,,
0.592088073,-0.325879414,,
0.314913154,0.654009369,,
-0.309853236,0.026468594,,
-1.051195655,-0.324724022,,
0.16519218,0.676421363,,
-0.698390059,-0.835855406,,
0.065093017,-0.261290122,,
0.092427776,0.475470963,,
1.303675332,0.243508631,,
0.027015162,0.753265085,,
0.177106133,-0.138030783,,
-0.043825642,0.840017712,,
-0.172117082,-0.555947603,,
-0.314625247,-0.198600018,,
0.431089802,0.290380734,,
0.570233423,-0.728364079,,
-0.050332194,-0.610772314,,
0.202851728,0.974795413,,
-0.466670871,-1.192528253,,
0.392954208,0.446588661,,
1.06360926,0.903655375,,
-0.021559766,-0.404645747,,
0.150820842,0.63256514,,
-0.305191811,-0.364263263,,
-1.213351562,-0.682866724,,
-1.017399051,-2.173398471,,
0.410232645,-1.204772344,,
-0.062612641,0.083850272,,
-1.745143668,-2.963321232,,
-0.564870779,-0.068740033,,
0.280243061,-0.250684216,,
-0.210974191,-2.228848041,,
-0.339876862,2.604639099,,
0.308711808,-1.626196429,,
0.978778148,1.608585214,,
0.562582173,1.975876709,,
-1.58812612,-2.429552342,,
0.688877993,1.262345566,,
1.035569184,0.451475905,,
0.202434384,0.258808756,,
-1.694999406,-0.04337755,,
-0.019014858,-1.614814785,,
-0.59821754,0.64169839,,
0.165083926,-2.545127263,,
-0.555416727,1.645592086,,
-1.014292906,-0.608368244,,
-1.112038915,-1.818639954,,
0.576185973,-0.232170169,,
1.797765686,2.022340878,,
-0.245873891,-0.390489677,,
-0.741269856,0.511428031,,
0.033413937,0.568933591,,
0.873582055,0.120107405,,
-0.505011864,0.336590884,,
-0.236781982,0.140644527,,
0.49397522,-0.191677057,,
-0.782377776,-0.509993605,,
0.53569518,0.464218151,,
1.963500136,1.968660191,,
-0.454483636,0.720869538,,
0.889810904,0.870476063,,
-0.505774612,-0.985397903,,
0.406536003,1.08051953,,
-0.607841979,-0.018677466,,
0.16864281,0.135756609,,
0.356996123,-0.673804254,,
-1.157994743,0.056324087,,
-1.199623816,-1.64468337,,
-0.485318343,-1.000653365,,
-0.123463338,-0.115702202,,
0.304854109,-0.339111432,,
1.849596443,1.680711832,,
-0.691552503,-0.122955448,,
-0.430513009,-0.89116911,,
1.587334916,1.976937394,,
0.454557933,0.296103801,,
0.0325117,0.441667456,,
-0.162664305,0.887644945,,
1.133132465,0.762746885,,
-0.247680246,-0.782986728,,
-0.411894443,-0.804468692,,
0.544293084,0.868547478,,
0.005088756,-1.592149515,,
-0.084846433,0.86973382,,
-0.209029111,-1.034297763,,
-0.287917061,-0.183739931,,
-0.281904493,0.726117622,,
0.437039756,-0.635064057,,
-0.245599796,-0.056683988,,
0.197891497,0.869050034,,
1.140448709,0.458841129,,
0.629867795,-0.022044173,,
0.145564086,0.064423161,,
0.565185189,0.050831089,,
-0.261355367,0.199685308,,
0.054991294,-0.213237739,,
-0.303662534,-0.724332822,,
0.216995862,0.155169652,,
-0.055038987,0.161733821,,
0.615376322,0.164869289,,
0.044757935,0.693883098,,
-0.223990271,-0.392044709,,
0.589591148,0.72542325,,
0.077580163,0.546486089,,
-0.805133319,-0.87986463,,
-0.450113288,-1.208084326,,
0.32195402,0.361238827,,
0.054945514,-0.485930317,,
0.903094036,0.7610944,,
0.316221421,-0.055990568,,
-0.057570052,-0.254898434,,
0.172610822,-0.003403039,,
0.219852427,0.224352531,,
-0.109865794,-0.996425238,,
0.628048252,0.588136419,,
-0.506710903,0.518580764,,
-0.141027557,-1.269749972,,
0.846451775,-0.413060154,,
0.852254871,1.290296262,,
0.085472158,0.957334251,,
0.191643441,0.692358287,,
-0.243240533,-0.175995889,,
-0.127494429,-0.050341484,,
0.354644599,-0.348048675,,
1.10261405,0.493969216,,
0.041370971,0.634869729,,
-0.167180187,-0.054973889,,
-0.0175303,0.49368041,,
0.20379901,0.690706338,,
-0.254813726,0.013172844,,
0.849501365,0.783944711,,
0.181664571,0.58638775,,
0.152973953,0.244937144,,
-0.282474919,-1.039012686,,
0.238341509,0.681950599,,
-0.004729735,0.091009562,,
0.27395552,-0.012996296,,
0.614450888,0.176929429,,
-0.01562793,0.265617311,,
0.422655557,0.517864206,,
0.447219603,-0.480669345,,
-0.754286269,-0.387179825,,
-0.04528243,-0.555027996,,
0.04528243,0.039164491,,
-0.573004668,0.332280333,,
-0.026694932,-0.004878485,,
-0.194931836,-0.019516321,,
1.129707998,1.235002684,,
0.228454304,0.312788481,,
0.181458698,-0.080108952,,
-0.411468901,-0.120283884,,
0.094865601,-0.371386049,,
0.211180203,-0.228984345,,
0.5969613,-0.122770757,,
0.107876538,0.695856679,,
0.279935582,0.402092703,,
0.23625803,-1.010702029,,
-0.088914786,0.201669895,,
0.098108356,-0.030627625,,
0.131681717,-0.684308133,,
-0.450886432,-0.622030274,,
-1.254414964,-1.183037409,,
0.380615502,-0.400795502,,
0.803068314,0.966127264,,
-0.073859793,-0.586821319,,
-0.201853732,-0.452350754,,
0.596676997,0.478798784,,
0.283249441,0.593238837,,
-0.212744871,0.064056766,,
-0.32995986,0.674207663,,
0.260988526,0.340283138,,
0.301590082,0.120205989,,
0.004585719,-0.055211836,,
0.187833632,0.584669126,,
0.950537085,0.571637159,,
0.211349545,0.512493114,,
-0.107128587,-0.201480792,,
0.212636088,-0.698725065,,
-0.202069013,-0.085466645,,
-0.37202874,-0.240666228,,
-0.577412675,0.101828888,,
1.243361997,0.887808199,,
-0.117464586,-0.068876593,,
-0.487897951,-0.322588691,,
-0.018172181,1.566245195,,
0.10747074,-0.507695839,,
-0.53090758,-1.069802561,,
0.250636215,-0.417261345,,
-0.191338211,0.030669153,,
0.06989607,-0.572965442,,
0.498489657,1.120197658,,
0.607245087,0.142752909,,
0.054066232,-0.374156378,,
-0.124696725,-0.180351412,,
-0.174535869,0.093436872,,
0.20159174,0.432215977,,
-0.447360645,-0.301872479,,
0.257815646,0.14783869,,
0.87253001,1.390505884,,
-1.292007637,-0.723137901,,
-0.149808228,-0.66094517,,
-0.121221319,0.190890264,,
0.490041364,0.033648724,,
0.600195849,-0.625147676,,
0.315946567,1.267107051,,
0.104596268,0.455805952,,
-0.056767256,0.110857733,,
-0.044839029,0.448509146,,
-0.067296263,0.364900765,,
-0.194666209,-0.363325056,,
-0.598345066,0.571914955,,
-0.326234997,-0.460103039,,
0.723526716,0.444434706,,
0.657173237,0.61548269,,
-0.071645002,0.188260976,,
-0.13297775,-0.214739283,,
0.180746787,-0.112221212,,
-0.246553974,-0.864572241,,
-0.176697011,0.373685472,,
-0.482261701,0.322318467,,
-0.094923127,0.517288201,,
-3.633302967,-2.33643733,,
0.627996922,-1.839892641,,
-0.26287356,-0.903363214,,
-1.060033569,0.003270058,,
-0.76002736,-0.944573303,,
1.494010141,1.308515702,,
-0.28166388,0.292802161,,
0.643531008,1.1498649,,
0.021794972,0.280608543,,
0.275141825,-0.19072811,,
-2.041847376,-1.163432382,,
0.628595158,-2.639543468,,
0.250021752,2.184050749,,
-0.440709625,-0.042401214,,
1.059140786,0.954552702,,
0.625488269,0.497998563,,
1.661295533,0.585073521,,
0.085393195,0.973383007,,
-0.013718989,0.338142437,,
0.143194479,-0.752103487,,
-0.587792439,0.011124796,,
-0.799426214,-0.404465591,,
0.47120506,0.905386047,,
-0.159899175,-0.25648753,,
0.116874542,0.118826013,,
0.919451751,0.798010796,,
0.168894542,-0.021993905,,
0.297533426,0.510892821,,
0.355573415,0.319935349,,
-0.598391436,-0.07014208,,
0.643692918,0.048325371,,
0.447380861,0.714355307,,
0.990047868,0.829061812,,
0.236338207,-0.282772587,,
0.080138912,-0.747655485,,
-0.016319385,-0.136539975,,
1.008268002,0.714763938,,
-0.475556877,-0.109512987,,
-0.063480349,-0.777743827,,
1.059112527,0.502661747,,
-0.103798903,0.115997631,,
0.111104625,-0.786776352,,
-0.552354031,0.474048712,,
0.376869209,-0.460028164,,
0.467276923,1.005890333,,
0.43319688,0.818600365,,
0.224580817,1.002938057,,
0.159074509,-0.810398153,,
0.199209004,-0.01221374,,
-1.408719453,-0.390096642,,
0.918646407,0.635611546,,
-0.105846967,-0.155473616,,
-0.018861218,0.199632803,,
0.977533359,-0.138633945,,
-0.113578378,0.301397616,,
0.665254504,0.931913977,,
0.015717542,-0.061757686,,
-0.112935403,-0.456077025,,
-0.015735304,0.148226602,,
-0.79570683,-0.773798032,,
0.546473023,0.077649803,,
0.061650073,0.546407977,,
0.755345601,-0.066623263,,
-0.079691484,0.291904771,,
0.324061855,0.831702556,,
0.121961611,-0.188894275,,
-0.467380188,-0.470787293,,
-0.816389422,-1.673863717,,
-1.62678166,-0.270191601,,
1.128824267,0,,
0.089411906,0.954675794,,
-1.097199913,-0.719751883,,
1.432502683,0.599390174,,
0.53872956,1.367219147,,
0.670775471,1.232987531,,
-0.049690853,-0.430191421,,
0.228373753,-0.798284866,,
-1.284802034,-0.013534343,,
0.572427792,-0.804818127,,
-1.438708298,-0.434538873,,
-0.152119929,0.319251096,,
-0.281669878,-0.442663698,,
0.891648208,-0.484454867,,
-0.011529039,0.667234075,,
-0.157215728,0.555422091,,
0.965344431,-0.262151152,,
0.490581552,0.743745114,,
-0.015650009,-0.069303204,,
0.238751783,0.82400112,,
0.153182828,0.337243284,,
-1.336882066,-1.226071296,,
0.62857718,-0.238562698,,
1.998172944,1.240926927,,
0.339407132,0.283277861,,
-0.022312402,-0.283277861,,
0.029284006,-0.577984359,,
-0.321197924,-1.391200554,,
0.445211233,1.106974877,,
-1.147047303,-0.831737672,,
0.679453438,0.593509494,,
-1.915366896,-1.915764483,,
0.6737095,-0.685558155,,
-2.30705614,-3.197313003,,
-1.563239477,-0.577554066,,
0.872292462,-0.146522532,,
-1.372703134,2.451142116,,
0.898650715,-1.736664136,,
0.389356152,0.791979217,,
-2.528372092,-1.213626508,,
2.404118511,-0.56713059,,
0.606645778,1.915580382,,
1.489247992,1.339892671,,
-3.219699431,-1.937668696,,
-0.059187359,-3.784520852,,
-0.164428648,2.948660675,,
-1.576459464,-1.22145098,,
-1.232029768,-0.558241199,,
0.375914546,-4.185032768,,
2.435539758,3.444075667,,
-0.060801544,0.2388228,,
-0.040060239,0.121662517,,
1.096584749,1.789644006,,
0.082164451,0.014524445,,
1.112816028,0.373681678,,
-3.015407416,-1.91366219,,
2.075502939,0.490421437,,
-0.375510166,1.292932902,,
1.024915217,1.459040049,,
0.978512548,1.159309835,,
-1.100774407,-1.677841298,,
0.331506476,0.677052809,,
-1.634690482,-1.952959027,,
0.044254968,-0.926556084,,
1.407370431,2.36180711,,
0.111912923,0.405183721,,
0.951272877,0.910812052,,
-0.089248448,-1.17916202,,
-0.470589104,-1.707853347,,
2.706416969,1.612407688,,
0.484684254,2.773399762,,
-0.52271537,-0.481031263,,
0.497485497,0.42993462,,
-0.451004986,0.142386231,,
0.053496264,-1.072871565,,
0.496989609,0.562749441,,
0.335542635,0.826668485,,
-0.27534173,-0.302628153,,
1.291847733,0.607417269,,
-0.034546849,-0.089185496,,
-0.526586863,0.533923758,,
0.119417921,0.194143651,,
0.724550673,0.728869528,,
-0.238632323,-0.835831215,,
0.782731713,1.132549369,,
-0.241456539,0.265692617,,
-0.430854183,1.370038274,,
0.395134991,0.092157685,,
-0.783527935,-1.288970535,,
-0.594487479,-0.455547293,,
0.262954844,0.953964502,,
-0.193322777,-1.02807387,,
-2.537813659,-1.240757927,,
0.330734331,-1.056434613,,
0.882760835,0.843275406,,
-0.141171179,-0.492460213,,
-0.175329495,1.444317243,,
1.483381604,1.284238355,,
0.495160687,0.668798734,,
-0.587230164,-0.703332492,,
1.093756566,0.93568983,,
-2.64936537,-2.036485387,,
-0.0723194,-0.846254488,,
-0.460666505,-1.06528101,,
1.161798818,0.208715087,,
-3.02888795,-1.396601238,,
-0.378220779,-0.05012924,,
-1.534752296,-1.21387498,,
-0.788979242,0.522037443,,
2.997711866,0.385818136,,
-0.727920513,1.089541436,,
-1.346223583,-1.133559673,,
0.592397842,-1.081365076,,
-1.695131642,-2.74590246,,
0.720680914,1.712157024,,
-1.66358837,-2.530751292,,
1.619068736,3.100872785,,
-2.391401981,-1.311641777,,
1.552219539,-0.646043217,,
2.708175843,2.659453427,,
0.170304479,0.677979413,,
0.643657722,1.30501946,,
-0.729501506,-0.716121977,,
-0.704073958,-1.124261948,,
1.551997291,2.788844962,,
1.400267958,-0.126354086,,
-0.205157502,1.062852688,,
0.733207786,0.16005735,,
-2.179770729,-0.435038809,,
0.552651022,0.349706771,,
0.232842362,-3.027157793,,
-1.326666567,0.514059371,,
-1.453675843,-1.880952984,,
0.528521447,0.023890867,,
-0.170470451,0.082777508,,
0.415379906,0.967537496,,
1.57673525,1.385031178,,
0.756964567,0.700050871,,
-1.252734205,0.285117823,,
0.169387279,-0.322165724,,
-0.82210549,-0.309267438,,
-1.424818464,-0.62453596,,
0.025146627,0.972394663,,
-2.302529069,-2.040934896,,
0.333920396,-0.201825962,,
-1.814412465,0.32776065,,
1.533449757,-1.327102744,,
0.687412258,-0.80029878,,
-1.454246425,-0.333207549,,
1.129219053,0.220652867,,
-2.461160363,-3.106128987,,
-0.710014455,-1.381982976,,
-2.782733385,-0.683818186,,
-0.754684207,-0.011860286,,
-1.234153106,-2.776381322,,
2.207751937,-2.305069722,,
0.981599076,4.641628641,,
-1.7780585,-0.11579594,,
1.6293737,-1.374197077,,
0.508408769,1.649843403,,
-0.410315255,-0.817236368,,
1.677918025,0.725438656,,
0.502575979,2.509158423,,
-1.225175476,-0.049770228,,
-3.145618875,-2.660276939,,
-0.718639792,0.126028254,,
0.641022635,-2.608881098,,
-0.588938452,1.041015301,,
0.509642082,-1.327934444,,
0.833506095,3.4829691,,
1.379200254,-0.507206285,,
-1.337466037,-0.013606136,,
0.117083825,-1.572000932,,
-0.298593942,3.050983168,,
0.629855197,-1.236051317,,
-1.116576116,0.652812276,,
0.68267344,-0.739384285,,
1.175649014,1.867483612,,
0.663845139,1.454492875,,
0.122801785,-0.179218884,,
-0.869144707,-1.840247245,,
-2.64392089,-1.373861272,,
-0.06194676,-1.122810419,,
-0.341394822,-0.878629544,,
0.42126638,1.47663854,,
-2.016180737,-1.499180395,,
-0.782799194,-1.159933816,,
-1.288447256,-1.249905936,,
3.63343026,1.083097297,,
-0.787114514,1.500010683,,
0.334335553,-1.464869944,,
-2.108594435,-1.072060144,,
-0.339787371,-3.93492794,,
4.152000522,3.473970506,,
-2.36348023,-1.079695551,,
2.644347551,-0.912983662,,
1.214427666,3.467707948,,
-0.955245473,-0.50575023,,
-1.174086842,1.003708582,,
-0.721612222,-0.431186253,,
0.555547907,0.161474366,,
3.484237872,2.605147891,,
-0.332590173,1.075763444,,
0.025258904,-0.416695501,,
-0.107394432,0.94270194,,
0.209943171,1.131939288,,
-0.583562325,-0.409829811,,
-0.737070827,-0.105227125,,
0.48138323,-0.314670943,,
-2.296917926,-1.173647183,,
-0.472976059,-1.089794279,,
0.531534546,1.282975387,,
2.002739315,2.330881642,,
0.160854955,-1.094252017,,
1.922833079,1.264462012,,
-0.071833474,-0.057805857,,
-0.716466838,-0.302787362,,
0.342412297,0.807048273,,
0.855600155,-0.542265819,,
0.251537304,0.670397253,,
-0.142770707,-0.016417935,,
-0.144530031,-0.016420631,,
-0.311526732,-0.034492104,,
1.703044231,0,,
0.223672612,2.084153859,,
0.003060537,-0.00482676,,
-1.806608335,0.734201211,,
0.332887717,0.156402145,,
-0.737263009,-1.059686883,,
0.886236516,0.255929574,,
-0.245303647,-0.139955784,,
0.421921919,0.065980578,,
0.97812719,0.574280922,,
-0.035261742,0.836251797,,
0.145566009,1.138741723,,
-1.16585721,-2.942582277,,
-1.594287584,0.104925875,,
0.281351616,-0.266565584,,
-1.314498744,-1.537250398,,
0.672047671,-0.474238897,,
0.213032959,0.183046035,,
0.694327237,-0.02471638,,
0.054775227,-0.240892408,,
-1.134471568,-0.761128282,,
-0.717828009,0.830485574,,
-0.066963221,-1.45665124,,
1.919262798,0.421215125,,
-3.161395181,-1.487159931,,
0.016147002,-0.495571429,,
-0.059756936,-0.859474402,,
-1.682929794,-1.800820919,,
0.283827761,1.167308153,,
1.378097872,0.212191604,,
-0.129353574,-0.141411029,,
-0.6818651,1.154733373,,
-1.067812308,-1.807464773,,
0.241746613,-0.846036114,,
-1.937138704,-1.546477171,,
0.025117004,0.822116608,,
0.055235211,-0.575126122,,
0.640503916,0.5557143,,
-3.050463139,-2.644933023,,
-0.646605864,0.211801203,,
0.253293378,1.72112031,,
0.490971253,-2.629408267,,
-1.480205061,-0.982935056,,
0.478544476,0.92269684,,
-0.758756646,0.657005084,,
1.55470875,-1.318355289,,
-2.227982429,1.624451178,,
0.681987745,-2.245805956,,
-1.22741805,-2.722225762,,
-0.880703872,0.73471264,,
-1.046680337,-2.454216357,,
2.714665316,-0.41269131,,
1.514838313,2.600535552,,
0.09650348,1.690043695,,
-0.21726394,0.517592778,,
1.606198914,-0.746632494,,
0.732839593,1.586865183,,
-2.377021933,-1.620427236,,
0.248357348,-0.181056336,,
-2.120405326,-0.750106656,,
2.400789791,0.12415585,,
1.811174994,1.89020423,,
-1.511021262,-0.162472572,,
-0.312178641,-1.062555276,,
-0.589270805,-0.646378329,,
2.994444665,2.493005942,,
0.199378475,0.577666451,,
-1.846383019,-0.156882808,,
2.447135764,0.213373293,,
0.567391528,0.953683232,,
-1.283701852,-0.131812989,,
-0.552835734,-1.56425329,,
0.510934068,0.891655825,,
0.39652383,-0.777929819,,
-1.526079302,-0.084364975,,
-0.996796381,-2.410381675,,
0.629904525,0.961455939,,
0.210787642,-0.029789611,,
1.317506553,2.490060429,,
-1.724180643,-0.635917707,,
0.688163796,1.043759703,,
1.560864693,1.313668447,,
-1.513462501,0.630018635,,
-0.198222837,-0.282483554,,
-0.064464691,-2.176266601,,
-3.077696176,-2.53378559,,
0.361600869,-2.29006122,,
2.345466344,3.848140184,,
-3.134987895,-0.56528014,,
0.482156784,-0.916365462,,
1.242835024,-0.894751678,,
-0.202318955,1.83142677,,
-5.017243495,-4.002078205,,
1.741088428,-3.492114208,,
-4.961058326,-2.278222905,,
4.050090845,-0.661740089,,
4.221736003,8.469140652,,
-3.593770681,-1.422148433,,
-1.514523274,-1.932110545,,
-0.15308636,-0.791661435,,
2.273829246,1.970411377,,
0.749546146,-2.109844438,,
-9.186199799,-5.445815724,,
5.283520714,1.722034468,,
0.38747994,1.157981324,,
-3.186222287,-1.816955548,,
-1.354474116,2.233459335,,
-3.632644382,-8.178441324,,
-5.976850047,0.348038287,,
-1.236472095,-5.317852472,,
-7.91541709,-1.218838889,,
-1.10279839,-9.264555189,,
10.65505898,7.936756154,,
-0.2779827,3.174429369,,
-8.755023985,-7.428654515,,
4.183428007,-5.496913237,,
-0.88915097,5.089180499,,
4.679534325,5.266203481,,
-2.96159771,-1.245258326,,
-5.969734208,-4.566362912,,
2.019898897,1.153948859,,
-3.608089034,-5.129586945,,
-2.782013704,-0.796281353,,
10.29614275,1.897473049,,
-1.600670014,7.742974259,,
2.048665169,1.150690565,,
1.207197071,1.977247218,,
-0.0754286,1.496524766,,
3.765728185,4.320925819,,
-5.586709418,-2.373014887,,
-5.010725395,-5.870072271,,
2.896181494,2.144245906,,
-1.055014294,0.887232268,,
-1.81577858,-3.634830123,,
-5.251837366,-1.535260973,,
6.330646002,-0.306543012,,
-3.882446274,1.518679066,,
-2.506589628,-2.410100874,,
1.382432534,1.829633687,,
-6.035013533,-4.93879429,,
-6.621411192,-3.317268397,,
6.020470897,-2.45571379,,
5.89152455,9.384243974,,
0.325917988,0.439677318,,
3.218395993,-0.446901272,,
1.028626937,3.206169867,,
-8.944830254,-5.32836871,,
4.044905648,1.402006258,,
2.588777095,1.135923656,,
-2.814656115,-0.153595115,,
3.16392725,-2.781136266,,
3.938107752,6.006955625,,
-2.590277538,1.870720576,,
0.697173608,-0.320051481,,
-2.555160808,0.488808648,,
0.684336153,-2.49865925,,
-1.109086154,-0.065435852,,
4.49634082,0.733696095,,
-1.387257849,0.349808657,,
-2.214233006,0.150203959,,
-0.030642671,-1.016533076,,
-1.352879438,-0.883313108,,
-0.953199933,0.159902212,,
0.567732286,-0.930063594,,
0.141430872,2.408738762,,
2.135329316,1.682756848,,
1.181818163,0.940314398,,
2.963484221,2.83700663,,
-0.833573472,0.389437559,,
0.427820244,1.28656111,,
-2.952446962,-2.873459307,,
0.125549295,-0.046599874,,
-2.056410493,-1.270971665,,
-1.951947399,-0.502553257,,
0.159497376,-0.614145359,,
-3.246791455,-5.094519764,,
-0.450000759,-1.433465889,,
0.464965965,0.628917677,,
-5.022275408,-1.352208502,,
4.188300703,-0.7728867,,
-1.201770292,-0.189839926,,
0.396281573,0.007403112,,
0.551160599,3.789111516,,
0.898577869,-0.347478751,,
3.010207226,2.374781785,,
-3.182769822,-2.477352013,,
-2.081537995,-0.971265594,,
0.020443627,-1.745431675,,
1.50889799,2.103859309,,
-1.088177556,1.527474862,,
1.384734697,0.007094295,,
2.70835447,1.478761338,,
0.183013924,0.365137914,,
-4.978290408,-2.21821857,,
0.783577051,0.501930642,,
0.050834965,-0.760982751,,
-1.05502109,-0.300293369,,
-4.372596729,-3.782203547,,
0.075091186,-0.679031076,,
-1.0970904,0.28908957,,
-1.419431502,-3.270604506,,
-3.306294145,-0.992281844,,
3.756139926,-0.894738006,,
-0.868590711,0.850580441,,
-1.392753071,1.71552001,,
-2.554609243,-2.207766189,,
-4.217386468,-5.48159589,,
-0.679293264,-3.186080444,,
1.905900682,3.738909939,,
-4.138313235,-3.233370663,,
0.267952175,0.022660964,,
-0.923915417,0.330831196,,
6.049861433,4.762804899,,
0.195589092,-0.577677406,,
3.951343071,0.494201576,,
0.801355696,1.1144266,,
-0.367770391,2.896089614,,
3.045864923,-0.178731057,,
1.69402298,-1.359961446,,
-1.510080058,0.312258352,,
-1.805290227,0.678871507,,
6.738085926,2.819689864,,
-1.953461084,-1.050325641,,
1.00227916,-0.286745889,,
2.000375232,0.63638321,,
-1.888763733,-0.672284328,,
-3.30181357,-3.550452535,,
1.170196344,4.245663003,,
1.783393075,0.748572967,,
2.31332765,4.193372337,,
0.689500564,-2.337408829,,
-0.582722703,-0.902389213,,
-2.13416079,-1.590139512,,
0.855534496,-0.12729126,,
3.420434116,1.471730403,,
-1.695593559,0.132953724,,
1.129415484,-0.517758213,,
1.386047674,2.109435685,,
0.234073852,0.977198476,,
-4.148054321,-2.521256303,,
1.852822627,-0.085230126,,
-1.109096753,1.077559003,,
1.018400655,-0.310601698,,
1.428935363,3.371903208,,
-0.668131724,0.26432792,,
-0.202816971,-1.708781322,,
1.965665255,2.249672476,,
-0.218971904,1.283026624,,
0.608979389,-0.011782865,,
2.666824708,2.184210561,,
1.762597315,1.364896266,,
-1.045305685,0.050027289,,
2.04966008,1.431046451,,
-1.914852515,-0.597915826,,
0.210126271,-0.225708255,,
-2.155132519,-2.149245104,,
0.837527844,0.717739451,,
-1.013603336,-0.332924183,,
2.736047806,2.237830178,,
-0.348252034,0.801903769,,
-0.500969903,-0.310590483,,
-1.549419239,-2.788957582,,
-0.277071891,0.454608856,,
2.332175234,1.057318725,,
-1.872415376,0.10194951,,
1.48037841,-0.652000901,,
1.166852422,0.690488127,,
2.025837047,1.978975622,,
0.318074432,-0.650104703,,
-0.987265509,-2.112850029,,
1.064914131,0.079814834,,
-0.198809494,1.17161841,,
0.04116544,-0.75533501,,
0.123394742,-0.00908059,,
-0.354598132,0.723854047,,
0.66469711,0.564128841,,
0.238758569,-0.446995881,,
-2.17659433,-2.646139794,,
-1.202597127,0.060083657,,
-0.136348698,-1.164168322,,
0.922593534,0.056078699,,
0.325786247,1.506960404,,
-2.853801914,-2.608569919,,
0.257842859,-0.094517965,,
0.390272258,1.175101654,,
1.991718299,-0.6422449,,
-0.149118134,-0.27314701,,
1.020724755,1.241960896,,
-0.836689201,-1.048796953,,
0.408789532,2.130489551,,
-2.658931539,-2.481760024,,
0.337444773,-0.934852345,,
-1.877449781,-0.18850147,,
-0.03868472,-1.124039119,,
0.152234616,0.445842959,,
-0.450124181,-0.760331449,,
2.533781797,1.798518938,,
0.405919421,0.84362689,,
2.947259315,2.53502543,,
0.79492942,0.351389266,,
0.081640063,0.6171025,,
0.844229749,1.240901752,,
0.50671618,0.842600898,,
-0.192518696,0.278554816,,
2.069062269,1.460234705,,
0.175434794,0.367760145,,
0.203556842,0.207362533,,
-0.210130095,-1.257298595,,
-0.26328507,0.412062767,,
1.066397064,1.832474935,,
0.043463144,-0.502165557,,
1.297331828,1.595143015,,
0.222798353,-0.237334271,,
-0.235667261,-0.521544349,,
-0.58945184,0.929581745,,
0.987619939,0.872422511,,
-0.183902199,-0.198861899,,
-1.273024483,-1.083738717,,
1.05017839,0.969319804,,
0.643611566,0.817123937,,
-0.63288644,-0.876503843,,
-2.326190902,-1.474543225,,
0.900434443,0.874528658,,
0.728379548,0.083195568,,
1.065622596,1.416451278,,
1.73088374,1.963112744,,
0.111256899,0.92951393,,
0.178172833,0.419851835,,
0.096290722,-0.534291705,,
0.277885327,-0.434426913,,
-0.319739466,0.80791579,,
-2.816908284,-1.833819866,,
-0.355868424,-0.045656416,,
0.708329567,-0.430609238,,
1.289597853,1.138013007,,
0.845684378,1.951281422,,
0.580027382,1.145556963,,
0.897929585,-0.332266118,,
-0.20091766,0.476038982,,
0.459238307,0.14755147,,
0.125818611,0.461187578,,
1.37772269,1.613223788,,
-0.142418286,0.775657314,,
0.313052926,0.172198671,,
-0.276411704,-0.747046832,,
0.610741583,0.159579678,,
-0.810395312,-0.062244701,,
-0.689622624,-1.176288432,,
-0.593143537,0.057078189,,
1.553628299,1.629638227,,
-0.293297153,-0.116218271,,
-0.388310318,-0.5012834,,
-2.412402235,-1.691309947,,
-0.258351943,-1.177715002,,
1.310048718,0.711078598,,
1.3361299,2.237775793,,
0.321053822,-0.567978183,,
0.576124065,0.890540303,,
0.51023618,0.141520888,,
0.503627172,0.931351397,,
-0.245453205,-1.08257283,,
1.687829064,1.959679243,,
0.432828385,-0.631735742,,
-0.827760281,-0.629971737,,
0.764632702,1.74379162,,
-0.441030311,-0.72400054,,
-0.851949896,0.276156461,,
0.915356413,-0.965101659,,
-0.963344897,0.673686758,,
-1.164757035,-0.975636195,,
-0.010117668,0.178971826,,
-1.562244976,-2.346091614,,
1.943982647,1.121550986,,
-2.808966725,-1.830696764,,
0.587106063,1.182396276,,
-0.051543736,-1.327213148,,
0.191608436,1.39379887,,
1.795123985,0.34592305,,
0.314890957,0.333064204,,
2.097992994,1.782681461,,
0.110455839,-0.089817218,,
0.521044445,0.69160917,,
-0.880472907,0.184003163,,
0.518979389,0.376434535,,
1.354740246,1.616276254,,
0.209485093,-0.686019505,,
0.087156102,-0.071107787,,
-1.205596505,-1.402499944,,
-0.30614071,-0.309912693,,
1.407140774,1.96293625,,
-0.038767203,-0.589916969,,
0.259453744,0.76341962,,
-1.590490784,-2.245040335,,
0.345193141,-1.054013054,,
1.09822741,2.313749923,,
-0.145347454,0.285725222,,
-0.710389224,-0.270666682,,
0.372367299,0.176768198,,
-0.280608949,-0.220067614,,
-1.063297184,-1.663255795,,
0.45259631,-0.368275088,,
0.499408604,0.775249617,,
0.347134541,0.327432236,,
0.32847135,1.015429122,,
-0.626778242,-0.556547455,,
-0.031246949,0.650571307,,
-1.230264711,-1.949216669,,
0.595404148,-0.399447451,,
1.018910318,1.853105226,,
0.235159327,0.653320218,,
0.056278444,0.816743006,,
0.526317004,0.556856323,,
0.113799667,0.649448777,,
0.030838618,-0.732779801,,
-0.933211032,0.277500456,,
1.666673097,1.601764261,,
0.357098906,0.402802011,,
-0.055295499,0.135715922,,
0.386427931,-0.059692315,,
0.269424316,0.135612855,,
0.160928497,0.070446071,,
-0.820595354,-0.713978098,,
0.691873281,-0.45934351,,
0.315830546,0.450250038,,
-1.042041867,-0.781482213,,
1.157156853,1.052113457,,
-1.03893099,-1.688367235,,
-2.040769282,-1.593577732,,
-2.317906386,-0.603493057,,
0.435003516,-0.808463881,,
-0.377291498,0.315074474,,
0.575295681,-1.132044411,,
-1.167928438,-1.385694552,,
-0.92083163,0.828322361,,
1.252500266,1.128807777,,
1.237006556,0.681818665,,
-0.47000363,-0.573252396,,
-3.03863581,-2.190149511,,
0.258811447,-1.537255033,,
-0.918028509,0.618526181,,
1.263423923,0.382199777,,
-0.152233291,0.394385407,,
0.867662466,0.573178817,,
-0.338887644,-0.368789238,,
1.693003122,1.956429259,,
0.380718669,0.617831577,,
0.627394237,0.914953986,,
0.023598356,0.619660702,,
-0.057038896,-0.113909053,,
-1.14567376,-0.693718096,,
0.998008323,0.521675043,,
-0.440351017,-1.218344622,,
0.150292703,1.435219835,,
0.840233596,0.955362086,,
0.184025111,1.436204668,,
0.097747896,0.891331362,,
0.45424937,-0.108495183,,
1.22760229,1.304952463,,
-0.003842902,0.123142834,,
0.190046609,-0.078508346,,
0.392386305,0.681321512,,
0.43460925,-0.413932141,,
-0.0437566,0.147648765,,
0.165413429,-0.565089074,,
0.67780183,0.472611743,,
0.478127558,0.429650017,,
0.097603101,-0.035438373,,
-0.470120088,0.132829192,,
0.419453445,-0.09916244,,
0.787118569,0.514221718,,
-0.472275731,0.075760916,,
0.005613195,0.871514876,,
0.063594196,-0.430424264,,
0.42541346,0.134925592,,
-0.052146384,-0.674692887,,
-0.354570595,0.128612849,,
0.650326988,1.143169699,,
0.754944005,0.616037973,,
-0.534162646,-0.317089285,,
0.449330921,-0.861022505,,
0.632657423,1.015360918,,
0.227073054,0.114299581,,
0.032919403,-0.275580149,,
1.116476731,0.59872129,,
0.153583494,0.49392165,,
-1.673153591,-1.400316771,,
0.605857235,-0.280686034,,
0.562295057,0.969464489,,
-0.187080599,-1.048058189,,
-0.125521887,-1.020318457,,
0.598901992,1.023812822,,
-0.449748682,0.527990771,,
-2.214533075,-2.648648325,,
0.725808145,-0.302052937,,
1.230293935,0.556925505,,
-1.557366377,-1.154778254,,
-1.021337722,-2.593994629,,
-0.626502649,-1.287100443,,
-3.37750353,-1.526027218,,
-1.381629934,-2.658091779,,
3.996044935,5.032268882,,
-0.353290141,-0.99239734,,
1.172812081,0.91997999,,
-1.216585336,0.928158126,,
-1.753268596,-3.193809591,,
0.027118119,-0.007600661,,
-1.392486811,0.847703235,,
-0.38566782,-2.851493673,,
-3.87925967,-1.661622404,,
1.29908978,-0.201262894,,
-1.262206045,0.132247737,,
-0.028686173,-2.575489746,,
-0.792111868,1.952200531,,
3.043359367,3.070609549,,
-1.213553305,-0.130975788,,
-1.392854132,-0.484945452,,
2.397806592,-0.232679996,,
0.224629056,1.156104553,,
-3.204084462,-1.64845276,,
-1.364192396,-1.116234089,,
1.132241002,-0.81211079,,
-0.768025754,1.142982584,,
2.641308977,0.912086492,,
0.325058187,0.606050689,,
-0.318953616,0.740901342,,
2.241452336,0.30134669,,
0.001989674,0.384479753,,
0.186852779,0.305000332,,
0.230104045,-0.059021202,,
-0.365239201,0.915654887,,
-1.335288345,-0.988051011,,
-0.361401175,-1.314104566,,
-1.575863082,-1.52356844,,
-0.01027443,-1.058482095,,
-0.090460532,0.498113342,,
-2.87740101,-3.154709381,,
-1.008476272,0.054927731,,
-0.40711434,-2.285472882,,
-0.410934431,0.669855987,,
0.70465188,2.589121582,,
2.928108613,0.998024276,,
0.960033857,1.792484975,,
0.644488181,0.535241159,,
0.265615259,0.66214477,,
1.402138301,1.992784857,,
0.094522718,-0.332557673,,
0.130575858,-0.806517635,,
-2.832231494,-1.010596632,,
0.525249156,-0.205681538,,
0.995521259,-0.171076462,,
-1.160008507,1.450658522,,
2.179950567,1.884482651,,
0.634221895,-0.022585259,,
1.011215496,0.722078965,,
0.193905878,0.272469562,,
-0.578872818,-0.860993209,,
-0.388450573,-0.107206345,,
-0.091854876,-1.059412103,,
2.187423586,2.611104597,,
-0.348514274,-0.011117699,,
0.424712197,-0.191046827,,
-0.152453951,-0.379464741,,
-0.348780602,-0.624406134,,
0.466073496,1.454009177,,
-0.556405965,-0.632250481,,
-2.692102686,-2.470563254,,
-0.589040719,0.397667796,,
-0.402783408,0.176445523,,
0.028532997,0.013268256,,
1.003647885,1.400282606,,
0.155221625,-0.893617376,,
-1.667568524,-1.742449593,,
-0.488657168,-0.307497408,,
-0.309208467,0.757426848,,
-1.438993431,-1.516755412,,
0.257292713,-0.907910458,,
-0.818094846,0.904031407,,
1.500989799,0.8843976,,
-1.298990782,0.452680406,,
2.759381931,2.666421802,,
0.705017489,0.085681828,,
1.303147161,1.057505387,,
-1.063839821,-0.374680899,,
0.625973815,0.404152799,,
0.606074624,1.180910656,,
0.49098955,0.134596866,,
1.051671854,1.154786893,,
-0.179446525,0.034133065,,
0.374303544,-0.212173055,,
0.072727991,-0.279387692,,
0.021611639,-0.572019734,,
1.427759771,1.692057289,,
-0.160869895,-0.470538587,,
-0.330302624,-0.436732931,,
-0.854113021,-0.086494284,,
1.920743341,0.922343604,,
-0.550284736,-0.449342408,,
0.29386198,0.089671629,,
-0.328718681,-0.163262413,,
-0.320087182,-0.372372911,,
0.496182745,0.79522925,,
-0.758836475,-0.66195113,,
1.99626676,1.426068235,,
0.154561011,0.805857399,,
-0.20613448,-0.34028331,,
0.548750496,-0.079507412,,
-0.009501278,0.261253458,,
0.43991121,-0.190577083,,
0.626180847,1.504104086,,
-0.346555513,-0.352082353,,
0.143288109,-0.416426686,,
0.834893828,0.683216734,,
-1.55339639,-0.674450418,,
1.030761802,0.437338882,,
0.193262155,0.504928468,,
0.134874419,-0.286974187,,
0.129084175,0.184453739,,
0.091567397,-0.780156322,,
-0.351777022,-1.079872736,,
0.146100273,0.563411623,,
-0.222982244,-0.047564102,,
0.144339391,0.341255235,,
0.688827521,1.096762653,,
0.495477701,-0.146005727,,
1.937750253,1.960137853,,
0.347990346,0.214683765,,
-0.188344436,-0.433248158,,
-0.709467967,0.429844076,,
0.357182287,-0.997262822,,
-0.598454567,-0.02922946,,
-1.144804802,-0.315188728,,
-0.111127586,0.4045696,,
-1.531251909,-2.408330406,,
-0.114852728,0.188140194,,
1.538563789,1.327966607,,
0.176084121,-0.624268427,,
-0.337612549,-0.911199968,,
-1.407182517,-1.767034372,,
1.338407363,1.348966925,,
-0.785899004,0.204842114,,
-0.029990066,-2.098172285,,
-0.696041036,-0.409773754,,
2.142145352,2.044687554,,
1.161009441,2.192881974,,
0.237152819,-0.387392019,,
-0.092969846,0.434194298,,
0.085681216,0.659828974,,
0.505299437,-0.241317018,,
0.430575066,0.232708573,,
0.599348452,0.08605112,,
0.096854045,0.818932432,,
0.148685593,0.517359901,,
-0.432338076,-0.152887046,,
0.568290299,-0.018702235,,
0.016087372,-0.158258846,,
0.187495033,0.336637685,,
0.560385018,1.016608718,,
0.401894933,0.531198622,,
-0.09369007,0.210357686,,
0.238471775,0.005003127,,
-0.204874674,-0.424487159,,
0.049490951,-1.197901595,,
